-- Nexus Store catalog seed (auto-generated). Run against the store DB.
-- Categories, brands, products, reviews, digital codes, navigation and custom pages for the full gaming/electronics store.
BEGIN;
DELETE FROM digital_codes;

DELETE FROM nav_items;

DELETE FROM custom_pages;

DELETE FROM product_reviews;

DELETE FROM products;

DELETE FROM categories;

DELETE FROM brands;

INSERT INTO categories (id, slug, name_ar, name_en, icon, image, product_count, description_ar) VALUES
('cat-1','keyboards','كيبوردات','Keyboards','keyboard','/catalog/keyboards-1.jpg',8,'لوحات مفاتيح ميكانيكية وRGB للجيمنج والإنتاجية'),
('cat-2','mice','ماوسات','Mice','mouse','/catalog/mice-1.jpg',8,'ماوسات جيمنج خفيفة بحساسية عالية واستشعار دقيق'),
('cat-3','mousepads','ماوس باد','Mousepads','mousepad','/catalog/mousepads-1.jpg',6,'ماوس باد بمقاسات وأسطح مختلفة مع إضاءة RGB'),
('cat-4','headsets','سماعات','Headsets','headphones','/catalog/headsets-1.jpg',7,'سماعات جيمنج بصوت محيطي وميكروفون نقي'),
('cat-5','microphones','مايكات','Microphones','mic','/catalog/microphones-1.jpg',5,'مايكات احترافية للبث والستريم والتسجيل'),
('cat-6','controllers','أيادي تحكم','Controllers','gamepad2','/catalog/controllers-1.jpg',6,'أيادي تحكم وعجلات قيادة لكل المنصات'),
('cat-7','gaming-chairs','كراسي جيمنج','Gaming Chairs','armchair','/catalog/gaming-chairs-1.jpg',6,'كراسي جيمنج مريحة بتصاميم رياضية ودعم كامل'),
('cat-8','laptop-stands','ستاندات لابتوب','Laptop Stands','laptopStand','/catalog/laptop-stands-1.jpg',4,'ستاندات لابتوب من الألمنيوم لتبريد وراحة أفضل'),
('cat-9','monitors','شاشات','Monitors','monitor','/catalog/monitors-1.jpg',6,'شاشات جيمنج عالية التحديث ودقة فائقة'),
('cat-10','playstation','بلايستيشن','PlayStation','playstation','/catalog/playstation-1.jpg',5,'أجهزة وملحقات بلايستيشن 5 الأصلية'),
('cat-11','xbox','إكسبوكس','Xbox','xbox','/catalog/xbox-1.jpg',5,'أجهزة وملحقات إكسبوكس سيريس X و S'),
('cat-12','nintendo','نينتندو','Nintendo','nintendo','/catalog/nintendo-1.jpg',4,'أجهزة نينتندو سويتش وملحقاتها'),
('cat-13','console-accessories','ملحقات الكونسول','Console Accessories','cable','/catalog/console-accessories-1.jpg',4,'شواحن وحوامل وملحقات لأجهزة الكونسول'),
('cat-14','processors','معالجات','Processors','cpu','/catalog/processors-1.jpg',6,'معالجات Intel و AMD لأعلى أداء'),
('cat-15','graphics-cards','كروت الشاشة','Graphics Cards','gpu','/catalog/graphics-cards-1.jpg',6,'كروت شاشة RTX و Radeon للجيمنج والتصميم'),
('cat-16','ram','رامات','RAM','ram','/catalog/ram-1.jpg',5,'رامات DDR4 و DDR5 بأعلى السرعات'),
('cat-17','storage','تخزين','Storage','storage','/catalog/storage-1.jpg',5,'أقراص SSD NVMe و HDD لأسرع أداء'),
('cat-18','motherboards','لوحات أم','Motherboards','motherboard','/catalog/motherboards-1.jpg',4,'لوحات أم لمنصات Intel و AMD'),
('cat-19','cooling','تبريد','Cooling','cooling','/catalog/cooling-1.jpg',4,'تبريد هوائي ومائي لأفضل حرارة وأداء'),
('cat-20','power-supply','مزودات الطاقة','Power Supply','psu','/catalog/power-supply-1.jpg',4,'مزودات طاقة موثوقة بكفاءة عالية'),
('cat-21','pc-cases','كيسات','PC Cases','case','/catalog/pc-cases-1.jpg',4,'كيسات بتصاميم مميزة وتهوية ممتازة'),
('cat-22','laptops','لابتوبات','Laptops','laptop','/catalog/laptops-1.jpg',5,'لابتوبات جيمنج وإنتاجية بأقوى المواصفات'),
('cat-23','prebuilt-pc','أجهزة مجمّعة','Prebuilt PCs','pc','/catalog/prebuilt-pc-1.jpg',4,'أجهزة جيمنج مجمّعة وجاهزة للعب'),
('cat-24','gift-cards','بطاقات هدايا','Gift Cards','gift','/catalog/gift-cards-1.jpg',5,'بطاقات هدايا رقمية لكل المتاجر والمنصات'),
('cat-25','accessories','إكسسوارات','Accessories','accessory','/catalog/accessories-1.jpg',5,'هابات ووصلات وملحقات تقنية متنوعة');

INSERT INTO brands (id, slug, name_en, logo, website, description_ar, product_count) VALUES
('brand-1','razer','Razer','/brands/razer.png','https://razer.com','رازر، رائدة عتاد الجيمنج عالي الأداء',9),
('brand-2','logitech','Logitech G','/brands/logitech.png','https://logitechg.com','لوجيتك جي المتخصصة في ملحقات الألعاب',6),
('brand-3','hyperx','HyperX','/brands/hyperx.png','https://hyperx.com','هايبر إكس لسماعات وملحقات الجيمنج',5),
('brand-4','steelseries','SteelSeries','/brands/steelseries.png','https://steelseries.com','ستيل سيريس لعتاد الرياضات الإلكترونية',5),
('brand-5','corsair','Corsair','/brands/corsair.png','https://corsair.com','كورسير لمكونات وملحقات الجيمنج',13),
('brand-6','asus','ASUS ROG','/brands/asus.png','https://rog.asus.com','أسوس ريبابليك أوف جيمرز',9),
('brand-7','msi','MSI','/brands/msi.png','https://msi.com','إم إس آي لأجهزة ومكونات الجيمنج',7),
('brand-8','gigabyte','Gigabyte AORUS','/brands/gigabyte.png','https://gigabyte.com','جيجابايت أوروس للعتاد عالي الأداء',3),
('brand-9','redragon','Redragon','/brands/redragon.png','https://redragonzone.com','ريدراجون لملحقات جيمنج بسعر مميز',4),
('brand-10','fantech','Fantech','/brands/fantech.png','https://fantech.com.cn','فانتك لعتاد الجيمنج الاقتصادي',7),
('brand-11','sony','Sony PlayStation','/brands/sony.png','https://playstation.com','سوني بلايستيشن',8),
('brand-12','microsoft','Xbox','/brands/microsoft.png','https://xbox.com','مايكروسوفت إكسبوكس',8),
('brand-13','nintendo','Nintendo','/brands/nintendo.png','https://nintendo.com','نينتندو',5),
('brand-14','samsung','Samsung','/brands/samsung.png','https://samsung.com','سامسونج للتخزين والشاشات',4),
('brand-15','kingston','Kingston Fury','/brands/kingston.png','https://kingston.com','كينجستون فيوري للذاكرة والتخزين',4),
('brand-16','nvidia','NVIDIA','/brands/nvidia.png','https://nvidia.com','إنفيديا لكروت الشاشة',1),
('brand-17','intel','Intel','/brands/intel.png','https://intel.com','إنتل للمعالجات',3),
('brand-18','amd','AMD Ryzen','/brands/amd.png','https://amd.com','إيه إم دي رايزن وراديون',4),
('brand-19','cooler-master','Cooler Master','/brands/cooler-master.png','https://coolermaster.com','كولر ماستر للتبريد والكيسات',3),
('brand-20','nzxt','NZXT','/brands/nzxt.png','https://nzxt.com','إن زد إكس تي للكيسات والتبريد',7),
('brand-21','secretlab','Secretlab','/brands/secretlab.png','https://secretlab.co','سيكرت لاب لكراسي الجيمنج الفاخرة',1),
('brand-22','thrustmaster','Thrustmaster','/brands/thrustmaster.png','https://thrustmaster.com','ثراستماستر لعجلات وأيادي التحكم',1),
('brand-23','steam','Steam','/brands/steam.png','https://store.steampowered.com','ستيم منصة الألعاب',2),
('brand-24','anker','Anker','/brands/anker.png','https://anker.com','أنكر للشحن والملحقات',4),
('brand-25','ugreen','UGREEN','/brands/ugreen.png','https://ugreen.com','يوجرين للوصلات والهابات',6),
('brand-26','dxracer','DXRacer','/brands/dxracer.png','https://dxracer.com','دي إكس ريسر لكراسي الجيمنج',2);

INSERT INTO products (id, name_ar, name_en, slug, sku, price, original_price, discount_percent, category_slug, brand_slug, image, image2, stock, rating, review_count, warranty, is_new, is_best_seller, is_exclusive, is_flash_deal, is_featured, description_ar, specs, variants, badges, created_at) VALUES
('prod-1','لوحة مفاتيح Razer BlackWidow V4 Pro','Razer BlackWidow V4 Pro','razer-blackwidow-v4-pro','RAZ-1001',899,1049,14,'keyboards','razer','/catalog/keyboards-1.jpg','/catalog/keyboards-2.jpg',18,4.9,49,'سنتان',false,true,false,false,true,'لوحة مفاتيح Razer BlackWidow V4 Pro - Razer BlackWidow V4 Pro. لوحات مفاتيح ميكانيكية وRGB للجيمنج والإنتاجية','{"النوع":"ميكانيكي","السويتش":"Razer Green","الإضاءة":"Chroma RGB"}'::jsonb,NULL,'["الأكثر مبيعاً","خصم 14%"]'::jsonb,NOW()),
('prod-2','لوحة مفاتيح Logitech G Pro X TKL','Logitech G Pro X TKL','logitech-g-pro-x-tkl','LOG-1002',749,NULL,NULL,'keyboards','logitech','/catalog/keyboards-2.jpg','/catalog/keyboards-3.jpg',31,4.7,86,'سنتان',true,false,false,false,false,'لوحة مفاتيح Logitech G Pro X TKL - Logitech G Pro X TKL. لوحات مفاتيح ميكانيكية وRGB للجيمنج والإنتاجية','{"النوع":"ميكانيكي","الحجم":"TKL","الاتصال":"لاسلكي LIGHTSPEED"}'::jsonb,NULL,'["جديد"]'::jsonb,NOW()),
('prod-3','لوحة مفاتيح Corsair K70 RGB PRO','Corsair K70 RGB PRO','corsair-k70-rgb-pro','COR-1003',699,829,16,'keyboards','corsair','/catalog/keyboards-3.jpg','/catalog/keyboards-1.jpg',44,4.5,123,'سنتان',false,true,false,true,false,'لوحة مفاتيح Corsair K70 RGB PRO - Corsair K70 RGB PRO. لوحات مفاتيح ميكانيكية وRGB للجيمنج والإنتاجية','{"السويتش":"Cherry MX","الإطار":"ألمنيوم","الإضاءة":"RGB"}'::jsonb,NULL,'["الأكثر مبيعاً","خصم 16%"]'::jsonb,NOW()),
('prod-4','لوحة مفاتيح HyperX Alloy Origins','HyperX Alloy Origins','hyperx-alloy-origins','HYP-1004',389,459,15,'keyboards','hyperx','/catalog/keyboards-1.jpg','/catalog/keyboards-2.jpg',57,4.3,160,'سنتان',false,false,false,true,false,'لوحة مفاتيح HyperX Alloy Origins - HyperX Alloy Origins. لوحات مفاتيح ميكانيكية وRGB للجيمنج والإنتاجية','{"السويتش":"HyperX Red","الحجم":"كامل","الإضاءة":"RGB"}'::jsonb,NULL,'["خصم 15%"]'::jsonb,NOW()),
('prod-5','لوحة مفاتيح SteelSeries Apex Pro','SteelSeries Apex Pro','steelseries-apex-pro','STE-1005',949,NULL,NULL,'keyboards','steelseries','/catalog/keyboards-2.jpg','/catalog/keyboards-3.jpg',70,5.0,197,'سنتان',false,false,true,false,true,'لوحة مفاتيح SteelSeries Apex Pro - SteelSeries Apex Pro. لوحات مفاتيح ميكانيكية وRGB للجيمنج والإنتاجية','{"السويتش":"OmniPoint قابل للضبط","الشاشة":"OLED"}'::jsonb,NULL,'["حصري"]'::jsonb,NOW()),
('prod-6','لوحة مفاتيح Redragon K552','Redragon K552 Kumara','redragon-k552-kumara','RED-1006',129,169,24,'keyboards','redragon','/catalog/keyboards-3.jpg','/catalog/keyboards-1.jpg',83,4.8,234,'سنة',true,true,false,false,false,'لوحة مفاتيح Redragon K552 - Redragon K552 Kumara. لوحات مفاتيح ميكانيكية وRGB للجيمنج والإنتاجية','{"النوع":"ميكانيكي","الحجم":"TKL","الإضاءة":"RGB"}'::jsonb,NULL,'["جديد","الأكثر مبيعاً","خصم 24%"]'::jsonb,NOW()),
('prod-7','لوحة مفاتيح Fantech MK853 Max','Fantech MK853 Max','fantech-mk853-max','FAN-1007',159,NULL,NULL,'keyboards','fantech','/catalog/keyboards-1.jpg','/catalog/keyboards-2.jpg',6,4.6,271,'سنة',true,false,false,false,false,'لوحة مفاتيح Fantech MK853 Max - Fantech MK853 Max. لوحات مفاتيح ميكانيكية وRGB للجيمنج والإنتاجية','{"السويتش":"أزرق","الإضاءة":"RGB"}'::jsonb,NULL,'["جديد"]'::jsonb,NOW()),
('prod-8','لوحة مفاتيح ASUS ROG Scope II','ASUS ROG Strix Scope II','asus-rog-strix-scope-ii','ASU-1008',629,NULL,NULL,'keyboards','asus','/catalog/keyboards-2.jpg','/catalog/keyboards-3.jpg',19,4.4,308,'سنتان',false,false,false,false,false,'لوحة مفاتيح ASUS ROG Scope II - ASUS ROG Strix Scope II. لوحات مفاتيح ميكانيكية وRGB للجيمنج والإنتاجية','{"السويتش":"ROG NX","العزل":"للصوت"}'::jsonb,NULL,'[]'::jsonb,NOW()),
('prod-9','ماوس Razer DeathAdder V3 Pro','Razer DeathAdder V3 Pro','razer-deathadder-v3-pro','RAZ-1009',549,NULL,NULL,'mice','razer','/catalog/mice-1.jpg','/catalog/mice-2.jpg',32,4.2,345,'سنتان',false,true,false,false,true,'ماوس Razer DeathAdder V3 Pro - Razer DeathAdder V3 Pro. ماوسات جيمنج خفيفة بحساسية عالية واستشعار دقيق','{"الحساس":"Focus Pro 30K","الوزن":"63g","الاتصال":"لاسلكي"}'::jsonb,NULL,'["الأكثر مبيعاً"]'::jsonb,NOW()),
('prod-10','ماوس Logitech G Pro X Superlight 2','Logitech G Pro X Superlight 2','logitech-g-pro-x-superlight-2','LOG-1010',629,729,14,'mice','logitech','/catalog/mice-2.jpg','/catalog/mice-3.jpg',45,4.9,382,'سنتان',false,true,false,true,false,'ماوس Logitech G Pro X Superlight 2 - Logitech G Pro X Superlight 2. ماوسات جيمنج خفيفة بحساسية عالية واستشعار دقيق','{"الحساس":"HERO 2","الوزن":"60g","البطارية":"95 ساعة"}'::jsonb,NULL,'["الأكثر مبيعاً","خصم 14%"]'::jsonb,NOW()),
('prod-11','ماوس Razer Viper V3','Razer Viper V3 HyperSpeed','razer-viper-v3-hyperspeed','RAZ-1011',289,NULL,NULL,'mice','razer','/catalog/mice-3.jpg','/catalog/mice-1.jpg',0,4.7,419,'سنتان',true,false,false,false,false,'ماوس Razer Viper V3 - Razer Viper V3 HyperSpeed. ماوسات جيمنج خفيفة بحساسية عالية واستشعار دقيق','{"الوزن":"82g","الاتصال":"لاسلكي"}'::jsonb,NULL,'["جديد"]'::jsonb,NOW()),
('prod-12','ماوس SteelSeries Aerox 5','SteelSeries Aerox 5','steelseries-aerox-5','STE-1012',379,439,14,'mice','steelseries','/catalog/mice-1.jpg','/catalog/mice-2.jpg',71,4.5,456,'سنتان',false,false,false,true,false,'ماوس SteelSeries Aerox 5 - SteelSeries Aerox 5. ماوسات جيمنج خفيفة بحساسية عالية واستشعار دقيق','{"الوزن":"66g","التصميم":"مثقّب"}'::jsonb,NULL,'["خصم 14%"]'::jsonb,NOW()),
('prod-13','ماوس Corsair M65 RGB Ultra','Corsair M65 RGB Ultra','corsair-m65-rgb-ultra','COR-1013',329,NULL,NULL,'mice','corsair','/catalog/mice-2.jpg','/catalog/mice-3.jpg',84,4.3,23,'سنتان',false,false,false,false,false,'ماوس Corsair M65 RGB Ultra - Corsair M65 RGB Ultra. ماوسات جيمنج خفيفة بحساسية عالية واستشعار دقيق','{"الحساس":"26K DPI","الوزن":"قابل للضبط"}'::jsonb,NULL,'[]'::jsonb,NOW()),
('prod-14','ماوس Redragon M711 Cobra','Redragon M711 Cobra','redragon-m711-cobra','RED-1014',89,119,25,'mice','redragon','/catalog/mice-3.jpg','/catalog/mice-1.jpg',7,5.0,60,'سنة',true,true,false,false,false,'ماوس Redragon M711 Cobra - Redragon M711 Cobra. ماوسات جيمنج خفيفة بحساسية عالية واستشعار دقيق','{"الحساس":"10K DPI","الإضاءة":"RGB"}'::jsonb,NULL,'["جديد","الأكثر مبيعاً","خصم 25%"]'::jsonb,NOW()),
('prod-15','ماوس HyperX Pulsefire Haste 2','HyperX Pulsefire Haste 2','hyperx-pulsefire-haste-2','HYP-1015',229,NULL,NULL,'mice','hyperx','/catalog/mice-1.jpg','/catalog/mice-2.jpg',20,4.8,97,'سنتان',true,false,false,false,false,'ماوس HyperX Pulsefire Haste 2 - HyperX Pulsefire Haste 2. ماوسات جيمنج خفيفة بحساسية عالية واستشعار دقيق','{"الوزن":"53g","الأزرار":"6"}'::jsonb,NULL,'["جديد"]'::jsonb,NOW()),
('prod-16','ماوس Fantech Aria XD7','Fantech Aria XD7','fantech-aria-xd7','FAN-1016',139,NULL,NULL,'mice','fantech','/catalog/mice-2.jpg','/catalog/mice-3.jpg',33,4.6,134,'سنة',false,false,false,false,false,'ماوس Fantech Aria XD7 - Fantech Aria XD7. ماوسات جيمنج خفيفة بحساسية عالية واستشعار دقيق','{"الوزن":"59g","الاتصال":"لاسلكي"}'::jsonb,NULL,'[]'::jsonb,NOW()),
('prod-17','ماوس باد Razer Gigantus V2 XXL','Razer Gigantus V2 XXL','razer-gigantus-v2-xxl','RAZ-1017',119,149,20,'mousepads','razer','/catalog/mousepads-1.jpg','/catalog/mousepads-2.jpg',46,4.4,171,'سنة',false,true,false,false,false,'ماوس باد Razer Gigantus V2 XXL - Razer Gigantus V2 XXL. ماوس باد بمقاسات وأسطح مختلفة مع إضاءة RGB','{"المقاس":"XXL","السطح":"قماش ناعم"}'::jsonb,NULL,'["الأكثر مبيعاً","خصم 20%"]'::jsonb,NOW()),
('prod-18','ماوس باد SteelSeries QcK Heavy','SteelSeries QcK Heavy XXL','steelseries-qck-heavy-xxl','STE-1018',139,NULL,NULL,'mousepads','steelseries','/catalog/mousepads-2.jpg','/catalog/mousepads-3.jpg',59,4.2,208,'سنة',true,false,false,false,false,'ماوس باد SteelSeries QcK Heavy - SteelSeries QcK Heavy XXL. ماوس باد بمقاسات وأسطح مختلفة مع إضاءة RGB','{"المقاس":"XXL","السماكة":"6mm"}'::jsonb,NULL,'["جديد"]'::jsonb,NOW()),
('prod-19','ماوس باد Corsair MM700 RGB','Corsair MM700 RGB','corsair-mm700-rgb','COR-1019',169,199,15,'mousepads','corsair','/catalog/mousepads-3.jpg','/catalog/mousepads-1.jpg',72,4.9,245,'سنة',false,true,false,true,false,'ماوس باد Corsair MM700 RGB - Corsair MM700 RGB. ماوس باد بمقاسات وأسطح مختلفة مع إضاءة RGB','{"الإضاءة":"RGB","USB":"بسمارت هاب"}'::jsonb,NULL,'["الأكثر مبيعاً","خصم 15%"]'::jsonb,NOW()),
('prod-20','ماوس باد Logitech G840 XL','Logitech G840 XL','logitech-g840-xl','LOG-1020',159,NULL,NULL,'mousepads','logitech','/catalog/mousepads-1.jpg','/catalog/mousepads-2.jpg',85,4.7,282,'سنة',false,false,false,false,false,'ماوس باد Logitech G840 XL - Logitech G840 XL. ماوس باد بمقاسات وأسطح مختلفة مع إضاءة RGB','{"المقاس":"XL","السطح":"مطاطي"}'::jsonb,NULL,'[]'::jsonb,NOW()),
('prod-21','ماوس باد HyperX Fury S Pro','HyperX Fury S Pro','hyperx-fury-s-pro','HYP-1021',79,99,20,'mousepads','hyperx','/catalog/mousepads-2.jpg','/catalog/mousepads-3.jpg',8,4.5,319,'سنة',false,false,false,true,false,'ماوس باد HyperX Fury S Pro - HyperX Fury S Pro. ماوس باد بمقاسات وأسطح مختلفة مع إضاءة RGB','{"المقاس":"L","الحواف":"مخيطة"}'::jsonb,NULL,'["خصم 20%"]'::jsonb,NOW()),
('prod-22','ماوس باد Redragon Flick XL','Redragon Flick XL','redragon-flick-xl','RED-1022',59,NULL,NULL,'mousepads','redragon','/catalog/mousepads-3.jpg','/catalog/mousepads-1.jpg',0,4.3,356,'سنة',true,false,false,false,false,'ماوس باد Redragon Flick XL - Redragon Flick XL. ماوس باد بمقاسات وأسطح مختلفة مع إضاءة RGB','{"المقاس":"XL","السطح":"سرعة"}'::jsonb,NULL,'["جديد"]'::jsonb,NOW()),
('prod-23','سماعة HyperX Cloud Alpha S','HyperX Cloud Alpha S','hyperx-cloud-alpha-s','HYP-1023',349,429,19,'headsets','hyperx','/catalog/headsets-1.jpg','/catalog/headsets-2.jpg',34,5.0,393,'سنتان',false,true,false,true,true,'سماعة HyperX Cloud Alpha S - HyperX Cloud Alpha S. سماعات جيمنج بصوت محيطي وميكروفون نقي','{"الصوت":"7.1 محيطي","الدرايفر":"50mm"}'::jsonb,NULL,'["الأكثر مبيعاً","خصم 19%"]'::jsonb,NOW()),
('prod-24','سماعة Razer BlackShark V2 Pro','Razer BlackShark V2 Pro','razer-blackshark-v2-pro','RAZ-1024',699,NULL,NULL,'headsets','razer','/catalog/headsets-2.jpg','/catalog/headsets-3.jpg',47,4.8,430,'سنتان',false,true,false,false,false,'سماعة Razer BlackShark V2 Pro - Razer BlackShark V2 Pro. سماعات جيمنج بصوت محيطي وميكروفون نقي','{"الاتصال":"لاسلكي","الميكروفون":"قابل للفصل"}'::jsonb,NULL,'["الأكثر مبيعاً"]'::jsonb,NOW()),
('prod-25','سماعة SteelSeries Arctis Nova Pro','SteelSeries Arctis Nova Pro','steelseries-arctis-nova-pro','STE-1025',1149,1299,12,'headsets','steelseries','/catalog/headsets-3.jpg','/catalog/headsets-1.jpg',60,4.6,467,'سنتان',false,false,true,false,true,'سماعة SteelSeries Arctis Nova Pro - SteelSeries Arctis Nova Pro. سماعات جيمنج بصوت محيطي وميكروفون نقي','{"الصوت":"Hi-Res","إلغاء الضوضاء":"نعم"}'::jsonb,NULL,'["حصري","خصم 12%"]'::jsonb,NOW()),
('prod-26','سماعة Logitech G733','Logitech G733 Lightspeed','logitech-g733-lightspeed','LOG-1026',449,529,15,'headsets','logitech','/catalog/headsets-1.jpg','/catalog/headsets-2.jpg',73,4.4,34,'سنتان',false,false,false,true,false,'سماعة Logitech G733 - Logitech G733 Lightspeed. سماعات جيمنج بصوت محيطي وميكروفون نقي','{"الاتصال":"لاسلكي","الإضاءة":"RGB"}'::jsonb,NULL,'["خصم 15%"]'::jsonb,NOW()),
('prod-27','سماعة Corsair HS80 RGB','Corsair HS80 RGB Wireless','corsair-hs80-rgb-wireless','COR-1027',479,NULL,NULL,'headsets','corsair','/catalog/headsets-2.jpg','/catalog/headsets-3.jpg',86,4.2,71,'سنتان',true,false,false,false,false,'سماعة Corsair HS80 RGB - Corsair HS80 RGB Wireless. سماعات جيمنج بصوت محيطي وميكروفون نقي','{"الصوت":"Dolby 7.1","البطارية":"20 ساعة"}'::jsonb,NULL,'["جديد"]'::jsonb,NOW()),
('prod-28','سماعة Redragon Zeus X','Redragon Zeus X','redragon-zeus-x','RED-1028',149,189,21,'headsets','redragon','/catalog/headsets-3.jpg','/catalog/headsets-1.jpg',9,4.9,108,'سنة',true,true,false,false,false,'سماعة Redragon Zeus X - Redragon Zeus X. سماعات جيمنج بصوت محيطي وميكروفون نقي','{"الدرايفر":"53mm","الإضاءة":"RGB"}'::jsonb,NULL,'["جديد","الأكثر مبيعاً","خصم 21%"]'::jsonb,NOW()),
('prod-29','سماعة Fantech MH86 Scept','Fantech MH86 Scept','fantech-mh86-scept','FAN-1029',119,NULL,NULL,'headsets','fantech','/catalog/headsets-1.jpg','/catalog/headsets-2.jpg',22,4.7,145,'سنة',false,false,false,false,false,'سماعة Fantech MH86 Scept - Fantech MH86 Scept. سماعات جيمنج بصوت محيطي وميكروفون نقي','{"الصوت":"7.1","الميكروفون":"مرن"}'::jsonb,NULL,'[]'::jsonb,NOW()),
('prod-30','مايك HyperX QuadCast S','HyperX QuadCast S','hyperx-quadcast-s','HYP-1030',499,599,17,'microphones','hyperx','/catalog/microphones-1.jpg','/catalog/microphones-2.jpg',35,4.5,182,'سنتان',false,true,false,true,true,'مايك HyperX QuadCast S - HyperX QuadCast S. مايكات احترافية للبث والستريم والتسجيل','{"النوع":"كوندنسر","الإضاءة":"RGB","الأنماط":"4"}'::jsonb,NULL,'["الأكثر مبيعاً","خصم 17%"]'::jsonb,NOW()),
('prod-31','مايك Razer Seiren V3 Chroma','Razer Seiren V3 Chroma','razer-seiren-v3-chroma','RAZ-1031',549,NULL,NULL,'microphones','razer','/catalog/microphones-2.jpg','/catalog/microphones-3.jpg',48,4.3,219,'سنتان',true,false,false,false,false,'مايك Razer Seiren V3 Chroma - Razer Seiren V3 Chroma. مايكات احترافية للبث والستريم والتسجيل','{"النوع":"USB","الإضاءة":"RGB"}'::jsonb,NULL,'["جديد"]'::jsonb,NOW()),
('prod-32','مايك Logitech Blue Yeti X','Logitech Blue Yeti X','logitech-blue-yeti-x','LOG-1032',629,749,16,'microphones','logitech','/catalog/microphones-3.jpg','/catalog/microphones-1.jpg',61,5.0,256,'سنتان',false,true,false,true,false,'مايك Logitech Blue Yeti X - Logitech Blue Yeti X. مايكات احترافية للبث والستريم والتسجيل','{"النوع":"كوندنسر","الشاشة":"LED مستوى الصوت"}'::jsonb,NULL,'["الأكثر مبيعاً","خصم 16%"]'::jsonb,NOW()),
('prod-33','مايك SteelSeries Alias','SteelSeries Alias','steelseries-alias','STE-1033',699,NULL,NULL,'microphones','steelseries','/catalog/microphones-1.jpg','/catalog/microphones-2.jpg',0,4.8,293,'سنتان',false,false,true,false,false,'مايك SteelSeries Alias - SteelSeries Alias. مايكات احترافية للبث والستريم والتسجيل','{"الكبسولة":"1 إنش","الاتصال":"USB-C"}'::jsonb,NULL,'["حصري"]'::jsonb,NOW()),
('prod-34','مايك Fantech Leviosa MCX01','Fantech Leviosa MCX01','fantech-leviosa-mcx01','FAN-1034',189,229,17,'microphones','fantech','/catalog/microphones-2.jpg','/catalog/microphones-3.jpg',87,4.6,330,'سنة',true,true,false,false,false,'مايك Fantech Leviosa MCX01 - Fantech Leviosa MCX01. مايكات احترافية للبث والستريم والتسجيل','{"النوع":"كوندنسر","الذراع":"مرفقة"}'::jsonb,NULL,'["جديد","الأكثر مبيعاً","خصم 17%"]'::jsonb,NOW()),
('prod-35','يد تحكم Xbox Wireless','Xbox Wireless Controller','xbox-wireless-controller','MIC-1035',259,299,13,'controllers','microsoft','/catalog/controllers-1.jpg','/catalog/controllers-2.jpg',10,4.4,367,'سنة',false,true,false,true,true,'يد تحكم Xbox Wireless - Xbox Wireless Controller. أيادي تحكم وعجلات قيادة لكل المنصات','{"الاتصال":"لاسلكي","التوافق":"Xbox/PC"}'::jsonb,NULL,'["الأكثر مبيعاً","خصم 13%"]'::jsonb,NOW()),
('prod-36','يد تحكم DualSense Edge','DualSense Edge','dualsense-edge','SON-1036',819,NULL,NULL,'controllers','sony','/catalog/controllers-2.jpg','/catalog/controllers-3.jpg',23,4.2,404,'سنة',false,false,true,false,true,'يد تحكم DualSense Edge - DualSense Edge. أيادي تحكم وعجلات قيادة لكل المنصات','{"المنصة":"PS5","الميزات":"قابلة للتخصيص"}'::jsonb,NULL,'["حصري"]'::jsonb,NOW()),
('prod-37','يد تحكم Logitech F710','Logitech F710 Wireless','logitech-f710-wireless','LOG-1037',179,219,18,'controllers','logitech','/catalog/controllers-3.jpg','/catalog/controllers-1.jpg',36,4.9,441,'سنتان',false,false,false,true,false,'يد تحكم Logitech F710 - Logitech F710 Wireless. أيادي تحكم وعجلات قيادة لكل المنصات','{"الاتصال":"لاسلكي","المنصة":"PC"}'::jsonb,NULL,'["خصم 18%"]'::jsonb,NOW()),
('prod-38','عجلة قيادة Thrustmaster T128','Thrustmaster T128','thrustmaster-t128','THR-1038',899,1099,18,'controllers','thrustmaster','/catalog/controllers-1.jpg','/catalog/controllers-2.jpg',49,4.7,478,'سنتان',true,true,false,false,false,'عجلة قيادة Thrustmaster T128 - Thrustmaster T128. أيادي تحكم وعجلات قيادة لكل المنصات','{"النوع":"عجلة قيادة","التغذية":"Force Feedback"}'::jsonb,NULL,'["جديد","الأكثر مبيعاً","خصم 18%"]'::jsonb,NOW()),
('prod-39','يد تحكم Razer Wolverine V2 Pro','Razer Wolverine V2 Pro','razer-wolverine-v2-pro','RAZ-1039',899,NULL,NULL,'controllers','razer','/catalog/controllers-2.jpg','/catalog/controllers-3.jpg',62,4.5,45,'سنة',false,false,true,false,false,'يد تحكم Razer Wolverine V2 Pro - Razer Wolverine V2 Pro. أيادي تحكم وعجلات قيادة لكل المنصات','{"المنصة":"PS5/PC","الأزرار":"إضافية"}'::jsonb,NULL,'["حصري"]'::jsonb,NOW()),
('prod-40','يد تحكم Fantech WGP14','Fantech Revolver WGP14','fantech-revolver-wgp14','FAN-1040',149,NULL,NULL,'controllers','fantech','/catalog/controllers-3.jpg','/catalog/controllers-1.jpg',75,4.3,82,'سنة',true,false,false,false,false,'يد تحكم Fantech WGP14 - Fantech Revolver WGP14. أيادي تحكم وعجلات قيادة لكل المنصات','{"الاتصال":"لاسلكي","المنصة":"PC/Switch"}'::jsonb,NULL,'["جديد"]'::jsonb,NOW()),
('prod-41','كرسي Secretlab Titan Evo 2024','Secretlab Titan Evo 2024','secretlab-titan-evo-2024','SEC-1041',1899,2199,14,'gaming-chairs','secretlab','/catalog/gaming-chairs-1.jpg','/catalog/gaming-chairs-2.jpg',88,5.0,119,'5 سنوات',false,true,true,false,true,'كرسي Secretlab Titan Evo 2024 - Secretlab Titan Evo 2024. كراسي جيمنج مريحة بتصاميم رياضية ودعم كامل','{"الإسفنج":"بارد","الدعم القطني":"مدمج"}'::jsonb,NULL,'["الأكثر مبيعاً","حصري","خصم 14%"]'::jsonb,NOW()),
('prod-42','كرسي DXRacer Master','DXRacer Master Series','dxracer-master-series','DXR-1042',1599,NULL,NULL,'gaming-chairs','dxracer','/catalog/gaming-chairs-2.jpg','/catalog/gaming-chairs-3.jpg',11,4.8,156,'سنتان',false,true,false,false,false,'كرسي DXRacer Master - DXRacer Master Series. كراسي جيمنج مريحة بتصاميم رياضية ودعم كامل','{"الإمالة":"135°","المسند":"4D"}'::jsonb,NULL,'["الأكثر مبيعاً"]'::jsonb,NOW()),
('prod-43','كرسي Corsair TC100','Corsair TC100 Relaxed','corsair-tc100-relaxed','COR-1043',899,1049,14,'gaming-chairs','corsair','/catalog/gaming-chairs-3.jpg','/catalog/gaming-chairs-1.jpg',24,4.6,193,'سنتان',true,false,false,true,false,'كرسي Corsair TC100 - Corsair TC100 Relaxed. كراسي جيمنج مريحة بتصاميم رياضية ودعم كامل','{"القماش":"متنفّس","الإمالة":"حتى 160°"}'::jsonb,NULL,'["جديد","خصم 14%"]'::jsonb,NOW()),
('prod-44','كرسي Razer Iskur V2','Razer Iskur V2','razer-iskur-v2','RAZ-1044',1699,NULL,NULL,'gaming-chairs','razer','/catalog/gaming-chairs-1.jpg','/catalog/gaming-chairs-2.jpg',0,4.4,230,'سنتان',false,false,true,false,false,'كرسي Razer Iskur V2 - Razer Iskur V2. كراسي جيمنج مريحة بتصاميم رياضية ودعم كامل','{"الدعم القطني":"تكيفي","الجلد":"EPU"}'::jsonb,NULL,'["حصري"]'::jsonb,NOW()),
('prod-45','كرسي Fantech Alpha GC182','Fantech Alpha GC182','fantech-alpha-gc182','FAN-1045',699,849,18,'gaming-chairs','fantech','/catalog/gaming-chairs-2.jpg','/catalog/gaming-chairs-3.jpg',50,4.2,267,'سنة',true,true,false,false,false,'كرسي Fantech Alpha GC182 - Fantech Alpha GC182. كراسي جيمنج مريحة بتصاميم رياضية ودعم كامل','{"الإمالة":"180°","المسند":"2D"}'::jsonb,NULL,'["جديد","الأكثر مبيعاً","خصم 18%"]'::jsonb,NOW()),
('prod-46','كرسي DXRacer Craft Pro','DXRacer Craft Pro','dxracer-craft-pro','DXR-1046',1399,NULL,NULL,'gaming-chairs','dxracer','/catalog/gaming-chairs-3.jpg','/catalog/gaming-chairs-1.jpg',63,4.9,304,'سنتان',false,false,false,false,false,'كرسي DXRacer Craft Pro - DXRacer Craft Pro. كراسي جيمنج مريحة بتصاميم رياضية ودعم كامل','{"التصميم":"مخصص","الوسائد":"رقبة وظهر"}'::jsonb,NULL,'[]'::jsonb,NOW()),
('prod-47','ستاند لابتوب UGREEN ألمنيوم','UGREEN Aluminum Stand','ugreen-aluminum-stand','UGR-1047',129,159,19,'laptop-stands','ugreen','/catalog/laptop-stands-1.jpg','/catalog/laptop-stands-2.jpg',76,4.7,341,'سنة',false,true,false,true,false,'ستاند لابتوب UGREEN ألمنيوم - UGREEN Aluminum Stand. ستاندات لابتوب من الألمنيوم لتبريد وراحة أفضل','{"المادة":"ألمنيوم","الزاوية":"قابلة للضبط"}'::jsonb,NULL,'["الأكثر مبيعاً","خصم 19%"]'::jsonb,NOW()),
('prod-48','ستاند لابتوب Anker','Anker Adjustable Stand','anker-adjustable-stand','ANK-1048',149,NULL,NULL,'laptop-stands','anker','/catalog/laptop-stands-2.jpg','/catalog/laptop-stands-3.jpg',89,4.5,378,'سنة',true,false,false,false,false,'ستاند لابتوب Anker - Anker Adjustable Stand. ستاندات لابتوب من الألمنيوم لتبريد وراحة أفضل','{"الطي":"محمول","التبريد":"مفتوح"}'::jsonb,NULL,'["جديد"]'::jsonb,NOW()),
('prod-49','ستاند تبريد Fantech AC902','Fantech AC902 Cooling','fantech-ac902-cooling','FAN-1049',119,149,20,'laptop-stands','fantech','/catalog/laptop-stands-3.jpg','/catalog/laptop-stands-1.jpg',12,4.3,415,'سنة',true,false,false,true,false,'ستاند تبريد Fantech AC902 - Fantech AC902 Cooling. ستاندات لابتوب من الألمنيوم لتبريد وراحة أفضل','{"المراوح":"نعم","الإضاءة":"RGB"}'::jsonb,NULL,'["جديد","خصم 20%"]'::jsonb,NOW()),
('prod-50','ستاند عمودي UGREEN','UGREEN Vertical Stand','ugreen-vertical-stand','UGR-1050',99,NULL,NULL,'laptop-stands','ugreen','/catalog/laptop-stands-1.jpg','/catalog/laptop-stands-2.jpg',25,5.0,452,'سنة',false,false,false,false,false,'ستاند عمودي UGREEN - UGREEN Vertical Stand. ستاندات لابتوب من الألمنيوم لتبريد وراحة أفضل','{"النوع":"عمودي","المادة":"ألمنيوم"}'::jsonb,NULL,'[]'::jsonb,NOW()),
('prod-51','شاشة ASUS ROG Swift OLED 27"','ASUS ROG Swift OLED PG27','asus-rog-swift-oled-pg27','ASU-1051',2799,3199,13,'monitors','asus','/catalog/monitors-1.jpg','/catalog/monitors-2.jpg',38,4.8,19,'سنتان',false,true,true,false,true,'شاشة ASUS ROG Swift OLED 27" - ASUS ROG Swift OLED PG27. شاشات جيمنج عالية التحديث ودقة فائقة','{"الدقة":"2K","التحديث":"240Hz","اللوحة":"OLED"}'::jsonb,NULL,'["الأكثر مبيعاً","حصري","خصم 13%"]'::jsonb,NOW()),
('prod-52','شاشة MSI MAG 274QRF QD 27"','MSI MAG 274QRF QD','msi-mag-274qrf-qd','MSI-1052',1499,1799,17,'monitors','msi','/catalog/monitors-2.jpg','/catalog/monitors-3.jpg',51,4.6,56,'سنتان',false,true,false,true,false,'شاشة MSI MAG 274QRF QD 27" - MSI MAG 274QRF QD. شاشات جيمنج عالية التحديث ودقة فائقة','{"الدقة":"2K","التحديث":"165Hz","اللوحة":"Rapid IPS"}'::jsonb,NULL,'["الأكثر مبيعاً","خصم 17%"]'::jsonb,NOW()),
('prod-53','شاشة Samsung Odyssey G9 49"','Samsung Odyssey G9','samsung-odyssey-g9','SAM-1053',4299,NULL,NULL,'monitors','samsung','/catalog/monitors-3.jpg','/catalog/monitors-1.jpg',64,4.4,93,'سنتان',false,false,true,false,true,'شاشة Samsung Odyssey G9 49" - Samsung Odyssey G9. شاشات جيمنج عالية التحديث ودقة فائقة','{"الدقة":"DQHD","التحديث":"240Hz","النوع":"منحنية"}'::jsonb,NULL,'["حصري"]'::jsonb,NOW()),
('prod-54','شاشة Gigabyte M27Q X 27"','Gigabyte M27Q X','gigabyte-m27q-x','GIG-1054',1299,1499,13,'monitors','gigabyte','/catalog/monitors-1.jpg','/catalog/monitors-2.jpg',77,4.2,130,'سنتان',true,false,false,true,false,'شاشة Gigabyte M27Q X 27" - Gigabyte M27Q X. شاشات جيمنج عالية التحديث ودقة فائقة','{"الدقة":"2K","التحديث":"240Hz"}'::jsonb,NULL,'["جديد","خصم 13%"]'::jsonb,NOW()),
('prod-55','شاشة ASUS TUF VG259QM 24.5"','ASUS TUF VG259QM','asus-tuf-vg259qm','ASU-1055',899,NULL,NULL,'monitors','asus','/catalog/monitors-2.jpg','/catalog/monitors-3.jpg',0,4.9,167,'سنتان',false,true,false,false,false,'شاشة ASUS TUF VG259QM 24.5" - ASUS TUF VG259QM. شاشات جيمنج عالية التحديث ودقة فائقة','{"الدقة":"FHD","التحديث":"280Hz"}'::jsonb,NULL,'["الأكثر مبيعاً"]'::jsonb,NOW()),
('prod-56','شاشة MSI G274F 27"','MSI G274F','msi-g274f','MSI-1056',749,899,17,'monitors','msi','/catalog/monitors-3.jpg','/catalog/monitors-1.jpg',13,4.7,204,'سنتان',true,false,false,true,false,'شاشة MSI G274F 27" - MSI G274F. شاشات جيمنج عالية التحديث ودقة فائقة','{"الدقة":"FHD","التحديث":"180Hz"}'::jsonb,NULL,'["جديد","خصم 17%"]'::jsonb,NOW()),
('prod-57','جهاز PlayStation 5 Slim','PlayStation 5 Slim','playstation-5-slim','SON-1057',2099,NULL,NULL,'playstation','sony','/catalog/playstation-1.jpg','/catalog/playstation-2.jpg',26,4.5,241,'سنة',false,true,false,false,true,'جهاز PlayStation 5 Slim - PlayStation 5 Slim. أجهزة وملحقات بلايستيشن 5 الأصلية','{"التخزين":"1TB SSD","النوع":"بقرص"}'::jsonb,NULL,'["الأكثر مبيعاً"]'::jsonb,NOW()),
('prod-58','جهاز PlayStation 5 Pro','PlayStation 5 Pro','playstation-5-pro','SON-1058',2999,3299,9,'playstation','sony','/catalog/playstation-2.jpg','/catalog/playstation-3.jpg',39,4.3,278,'سنة',false,false,true,true,true,'جهاز PlayStation 5 Pro - PlayStation 5 Pro. أجهزة وملحقات بلايستيشن 5 الأصلية','{"التخزين":"2TB SSD","الأداء":"معزّز"}'::jsonb,NULL,'["حصري","خصم 9%"]'::jsonb,NOW()),
('prod-59','جهاز PlayStation 5 Digital','PlayStation 5 Digital','playstation-5-digital','SON-1059',1799,NULL,NULL,'playstation','sony','/catalog/playstation-3.jpg','/catalog/playstation-1.jpg',52,5.0,315,'سنة',false,true,false,false,false,'جهاز PlayStation 5 Digital - PlayStation 5 Digital. أجهزة وملحقات بلايستيشن 5 الأصلية','{"التخزين":"1TB SSD","النوع":"رقمي"}'::jsonb,NULL,'["الأكثر مبيعاً"]'::jsonb,NOW()),
('prod-60','يد تحكم DualSense','DualSense Controller','dualsense-controller','SON-1060',289,329,12,'playstation','sony','/catalog/playstation-1.jpg','/catalog/playstation-2.jpg',65,4.8,352,'سنة',true,false,false,true,false,'يد تحكم DualSense - DualSense Controller. أجهزة وملحقات بلايستيشن 5 الأصلية','{"المنصة":"PS5","الميزات":"هابتيك"}'::jsonb,NULL,'["جديد","خصم 12%"]'::jsonb,NOW()),
('prod-61','سماعة PULSE Elite','PULSE Elite Headset','pulse-elite-headset','SON-1061',699,NULL,NULL,'playstation','sony','/catalog/playstation-2.jpg','/catalog/playstation-3.jpg',78,4.6,389,'سنة',true,false,false,false,false,'سماعة PULSE Elite - PULSE Elite Headset. أجهزة وملحقات بلايستيشن 5 الأصلية','{"الاتصال":"لاسلكي","المنصة":"PS5"}'::jsonb,NULL,'["جديد"]'::jsonb,NOW()),
('prod-62','جهاز Xbox Series X','Xbox Series X','xbox-series-x','MIC-1062',2199,2499,12,'xbox','microsoft','/catalog/xbox-1.jpg','/catalog/xbox-2.jpg',91,4.4,426,'سنة',false,true,false,true,true,'جهاز Xbox Series X - Xbox Series X. أجهزة وملحقات إكسبوكس سيريس X و S','{"التخزين":"1TB SSD","الدقة":"4K"}'::jsonb,NULL,'["الأكثر مبيعاً","خصم 12%"]'::jsonb,NOW()),
('prod-63','جهاز Xbox Series S','Xbox Series S','xbox-series-s','MIC-1063',1199,NULL,NULL,'xbox','microsoft','/catalog/xbox-2.jpg','/catalog/xbox-3.jpg',14,4.2,463,'سنة',false,true,false,false,false,'جهاز Xbox Series S - Xbox Series S. أجهزة وملحقات إكسبوكس سيريس X و S','{"التخزين":"512GB","الدقة":"1440p"}'::jsonb,NULL,'["الأكثر مبيعاً"]'::jsonb,NOW()),
('prod-64','جهاز Xbox Series X 2TB','Xbox Series X 2TB Galaxy','xbox-series-x-2tb-galaxy','MIC-1064',2699,NULL,NULL,'xbox','microsoft','/catalog/xbox-3.jpg','/catalog/xbox-1.jpg',27,4.9,30,'سنة',true,false,true,false,true,'جهاز Xbox Series X 2TB - Xbox Series X 2TB Galaxy. أجهزة وملحقات إكسبوكس سيريس X و S','{"التخزين":"2TB SSD","الإصدار":"خاص"}'::jsonb,NULL,'["جديد","حصري"]'::jsonb,NOW()),
('prod-65','يد تحكم Xbox Elite Series 2','Xbox Elite Series 2','xbox-elite-series-2','MIC-1065',699,799,13,'xbox','microsoft','/catalog/xbox-1.jpg','/catalog/xbox-2.jpg',40,4.7,67,'سنة',true,false,false,true,false,'يد تحكم Xbox Elite Series 2 - Xbox Elite Series 2. أجهزة وملحقات إكسبوكس سيريس X و S','{"التخصيص":"كامل","العصي":"قابلة للتبديل"}'::jsonb,NULL,'["جديد","خصم 13%"]'::jsonb,NOW()),
('prod-66','سماعة Xbox Wireless','Xbox Wireless Headset','xbox-wireless-headset','MIC-1066',379,NULL,NULL,'xbox','microsoft','/catalog/xbox-2.jpg','/catalog/xbox-3.jpg',0,4.5,104,'سنة',false,true,false,false,false,'سماعة Xbox Wireless - Xbox Wireless Headset. أجهزة وملحقات إكسبوكس سيريس X و S','{"الاتصال":"لاسلكي","الصوت":"محيطي"}'::jsonb,NULL,'["الأكثر مبيعاً"]'::jsonb,NOW()),
('prod-67','جهاز Nintendo Switch OLED','Nintendo Switch OLED','nintendo-switch-oled','NIN-1067',1299,1499,13,'nintendo','nintendo','/catalog/nintendo-1.jpg','/catalog/nintendo-2.jpg',66,4.3,141,'سنة',false,true,false,true,true,'جهاز Nintendo Switch OLED - Nintendo Switch OLED. أجهزة نينتندو سويتش وملحقاتها','{"الشاشة":"7 إنش OLED","التخزين":"64GB"}'::jsonb,NULL,'["الأكثر مبيعاً","خصم 13%"]'::jsonb,NOW()),
('prod-68','جهاز Nintendo Switch Lite','Nintendo Switch Lite','nintendo-switch-lite','NIN-1068',749,NULL,NULL,'nintendo','nintendo','/catalog/nintendo-2.jpg','/catalog/nintendo-3.jpg',79,5.0,178,'سنة',false,true,false,false,false,'جهاز Nintendo Switch Lite - Nintendo Switch Lite. أجهزة نينتندو سويتش وملحقاتها','{"النوع":"محمول","الوزن":"خفيف"}'::jsonb,NULL,'["الأكثر مبيعاً"]'::jsonb,NOW()),
('prod-69','يد تحكم Joy-Con زوج','Joy-Con Pair','joy-con-pair','NIN-1069',349,399,13,'nintendo','nintendo','/catalog/nintendo-3.jpg','/catalog/nintendo-1.jpg',92,4.8,215,'سنة',true,false,false,true,false,'يد تحكم Joy-Con زوج - Joy-Con Pair. أجهزة نينتندو سويتش وملحقاتها','{"المنصة":"Switch","الألوان":"متعددة"}'::jsonb,NULL,'["جديد","خصم 13%"]'::jsonb,NOW()),
('prod-70','يد تحكم Switch Pro','Switch Pro Controller','switch-pro-controller','NIN-1070',289,NULL,NULL,'nintendo','nintendo','/catalog/nintendo-1.jpg','/catalog/nintendo-2.jpg',15,4.6,252,'سنة',false,true,false,false,false,'يد تحكم Switch Pro - Switch Pro Controller. أجهزة نينتندو سويتش وملحقاتها','{"البطارية":"40 ساعة","HD Rumble":"نعم"}'::jsonb,NULL,'["الأكثر مبيعاً"]'::jsonb,NOW()),
('prod-71','محطة شحن DualSense','DualSense Charging Station','dualsense-charging-station','SON-1071',149,179,17,'console-accessories','sony','/catalog/console-accessories-1.jpg','/catalog/console-accessories-2.jpg',28,4.4,289,'سنة',false,true,false,true,false,'محطة شحن DualSense - DualSense Charging Station. شواحن وحوامل وملحقات لأجهزة الكونسول','{"التوافق":"PS5","الشحن":"يدّين"}'::jsonb,NULL,'["الأكثر مبيعاً","خصم 17%"]'::jsonb,NOW()),
('prod-72','طقم شحن Xbox','Xbox Play & Charge Kit','xbox-play-charge-kit','MIC-1072',99,NULL,NULL,'console-accessories','microsoft','/catalog/console-accessories-2.jpg','/catalog/console-accessories-3.jpg',41,4.2,326,'سنة',true,false,false,false,false,'طقم شحن Xbox - Xbox Play & Charge Kit. شواحن وحوامل وملحقات لأجهزة الكونسول','{"التوافق":"Xbox","البطارية":"قابلة للشحن"}'::jsonb,NULL,'["جديد"]'::jsonb,NOW()),
('prod-73','حامل تبريد PS5 من Anker','Anker PS5 Cooling Stand','anker-ps5-cooling-stand','ANK-1073',179,219,18,'console-accessories','anker','/catalog/console-accessories-3.jpg','/catalog/console-accessories-1.jpg',54,4.9,363,'سنة',true,false,false,true,false,'حامل تبريد PS5 من Anker - Anker PS5 Cooling Stand. شواحن وحوامل وملحقات لأجهزة الكونسول','{"المراوح":"مزدوجة","الشحن":"مدمج"}'::jsonb,NULL,'["جديد","خصم 18%"]'::jsonb,NOW()),
('prod-74','حامل كونسول UGREEN','UGREEN Console Stand','ugreen-console-stand','UGR-1074',89,NULL,NULL,'console-accessories','ugreen','/catalog/console-accessories-1.jpg','/catalog/console-accessories-2.jpg',67,4.7,400,'سنة',false,false,false,false,false,'حامل كونسول UGREEN - UGREEN Console Stand. شواحن وحوامل وملحقات لأجهزة الكونسول','{"التوافق":"PS5/Xbox","المادة":"معدن"}'::jsonb,NULL,'[]'::jsonb,NOW()),
('prod-75','معالج Intel Core i9-14900K','Intel Core i9-14900K','intel-core-i9-14900k','INT-1075',2299,2599,12,'processors','intel','/catalog/processors-1.jpg','/catalog/processors-2.jpg',80,4.5,437,'3 سنوات',false,true,false,true,true,'معالج Intel Core i9-14900K - Intel Core i9-14900K. معالجات Intel و AMD لأعلى أداء','{"الأنوية":"24","التردد":"حتى 6.0GHz"}'::jsonb,NULL,'["الأكثر مبيعاً","خصم 12%"]'::jsonb,NOW()),
('prod-76','معالج AMD Ryzen 9 7950X3D','AMD Ryzen 9 7950X3D','amd-ryzen-9-7950x3d','AMD-1076',2799,NULL,NULL,'processors','amd','/catalog/processors-2.jpg','/catalog/processors-3.jpg',93,4.3,474,'3 سنوات',false,true,true,false,true,'معالج AMD Ryzen 9 7950X3D - AMD Ryzen 9 7950X3D. معالجات Intel و AMD لأعلى أداء','{"الأنوية":"16","3D V-Cache":"نعم"}'::jsonb,NULL,'["الأكثر مبيعاً","حصري"]'::jsonb,NOW()),
('prod-77','معالج Intel Core i7-14700K','Intel Core i7-14700K','intel-core-i7-14700k','INT-1077',1599,1799,11,'processors','intel','/catalog/processors-3.jpg','/catalog/processors-1.jpg',0,5.0,41,'3 سنوات',false,true,false,true,false,'معالج Intel Core i7-14700K - Intel Core i7-14700K. معالجات Intel و AMD لأعلى أداء','{"الأنوية":"20","التردد":"حتى 5.6GHz"}'::jsonb,NULL,'["الأكثر مبيعاً","خصم 11%"]'::jsonb,NOW()),
('prod-78','معالج AMD Ryzen 7 7800X3D','AMD Ryzen 7 7800X3D','amd-ryzen-7-7800x3d','AMD-1078',1699,NULL,NULL,'processors','amd','/catalog/processors-1.jpg','/catalog/processors-2.jpg',29,4.8,78,'3 سنوات',true,true,false,false,false,'معالج AMD Ryzen 7 7800X3D - AMD Ryzen 7 7800X3D. معالجات Intel و AMD لأعلى أداء','{"الأنوية":"8","الجيمنج":"الأفضل"}'::jsonb,NULL,'["جديد","الأكثر مبيعاً"]'::jsonb,NOW()),
('prod-79','معالج Intel Core i5-14600K','Intel Core i5-14600K','intel-core-i5-14600k','INT-1079',1149,1299,12,'processors','intel','/catalog/processors-2.jpg','/catalog/processors-3.jpg',42,4.6,115,'3 سنوات',true,false,false,true,false,'معالج Intel Core i5-14600K - Intel Core i5-14600K. معالجات Intel و AMD لأعلى أداء','{"الأنوية":"14","التردد":"حتى 5.3GHz"}'::jsonb,NULL,'["جديد","خصم 12%"]'::jsonb,NOW()),
('prod-80','معالج AMD Ryzen 5 7600','AMD Ryzen 5 7600','amd-ryzen-5-7600','AMD-1080',899,NULL,NULL,'processors','amd','/catalog/processors-3.jpg','/catalog/processors-1.jpg',55,4.4,152,'3 سنوات',false,false,false,false,false,'معالج AMD Ryzen 5 7600 - AMD Ryzen 5 7600. معالجات Intel و AMD لأعلى أداء','{"الأنوية":"6","التغذية":"موفّرة"}'::jsonb,NULL,'[]'::jsonb,NOW()),
('prod-81','كرت شاشة RTX 4090','NVIDIA RTX 4090 Founders','nvidia-rtx-4090-founders','NVI-1081',7999,8999,11,'graphics-cards','nvidia','/catalog/graphics-cards-1.jpg','/catalog/graphics-cards-2.jpg',68,4.2,189,'3 سنوات',false,true,true,false,true,'كرت شاشة RTX 4090 - NVIDIA RTX 4090 Founders. كروت شاشة RTX و Radeon للجيمنج والتصميم','{"الذاكرة":"24GB GDDR6X","الأداء":"4K Ultra"}'::jsonb,NULL,'["الأكثر مبيعاً","حصري","خصم 11%"]'::jsonb,NOW()),
('prod-82','كرت شاشة ASUS ROG RTX 4080 SUPER','ASUS ROG RTX 4080 SUPER','asus-rog-rtx-4080-super','ASU-1082',5499,5999,8,'graphics-cards','asus','/catalog/graphics-cards-2.jpg','/catalog/graphics-cards-3.jpg',81,4.9,226,'3 سنوات',false,true,false,true,true,'كرت شاشة ASUS ROG RTX 4080 SUPER - ASUS ROG RTX 4080 SUPER. كروت شاشة RTX و Radeon للجيمنج والتصميم','{"الذاكرة":"16GB","التبريد":"ثلاثي"}'::jsonb,NULL,'["الأكثر مبيعاً","خصم 8%"]'::jsonb,NOW()),
('prod-83','كرت شاشة MSI RTX 4070 Ti SUPER','MSI RTX 4070 Ti SUPER','msi-rtx-4070-ti-super','MSI-1083',3799,NULL,NULL,'graphics-cards','msi','/catalog/graphics-cards-3.jpg','/catalog/graphics-cards-1.jpg',94,4.7,263,'3 سنوات',false,true,false,false,false,'كرت شاشة MSI RTX 4070 Ti SUPER - MSI RTX 4070 Ti SUPER. كروت شاشة RTX و Radeon للجيمنج والتصميم','{"الذاكرة":"16GB","التبريد":"TRI FROZR"}'::jsonb,NULL,'["الأكثر مبيعاً"]'::jsonb,NOW()),
('prod-84','كرت شاشة Gigabyte RTX 4070 SUPER','Gigabyte RTX 4070 SUPER','gigabyte-rtx-4070-super','GIG-1084',2999,3299,9,'graphics-cards','gigabyte','/catalog/graphics-cards-1.jpg','/catalog/graphics-cards-2.jpg',17,4.5,300,'3 سنوات',true,false,false,true,false,'كرت شاشة Gigabyte RTX 4070 SUPER - Gigabyte RTX 4070 SUPER. كروت شاشة RTX و Radeon للجيمنج والتصميم','{"الذاكرة":"12GB","WINDFORCE":"نعم"}'::jsonb,NULL,'["جديد","خصم 9%"]'::jsonb,NOW()),
('prod-85','كرت شاشة Radeon RX 7900 XTX','AMD Radeon RX 7900 XTX','amd-radeon-rx-7900-xtx','AMD-1085',4299,NULL,NULL,'graphics-cards','amd','/catalog/graphics-cards-2.jpg','/catalog/graphics-cards-3.jpg',30,4.3,337,'3 سنوات',true,true,false,false,false,'كرت شاشة Radeon RX 7900 XTX - AMD Radeon RX 7900 XTX. كروت شاشة RTX و Radeon للجيمنج والتصميم','{"الذاكرة":"24GB","الأداء":"4K"}'::jsonb,NULL,'["جديد","الأكثر مبيعاً"]'::jsonb,NOW()),
('prod-86','كرت شاشة ASUS Dual RTX 4060','ASUS Dual RTX 4060','asus-dual-rtx-4060','ASU-1086',1399,1599,13,'graphics-cards','asus','/catalog/graphics-cards-3.jpg','/catalog/graphics-cards-1.jpg',43,5.0,374,'3 سنوات',true,false,false,true,false,'كرت شاشة ASUS Dual RTX 4060 - ASUS Dual RTX 4060. كروت شاشة RTX و Radeon للجيمنج والتصميم','{"الذاكرة":"8GB","الحجم":"مدمج"}'::jsonb,NULL,'["جديد","خصم 13%"]'::jsonb,NOW()),
('prod-87','رام Corsair Vengeance 32GB DDR5','Corsair Vengeance 32GB DDR5','corsair-vengeance-32gb-ddr5','COR-1087',749,899,17,'ram','corsair','/catalog/ram-1.jpg','/catalog/ram-2.jpg',56,4.8,411,'مدى الحياة',false,true,false,true,true,'رام Corsair Vengeance 32GB DDR5 - Corsair Vengeance 32GB DDR5. رامات DDR4 و DDR5 بأعلى السرعات','{"السعة":"32GB","السرعة":"6000MHz"}'::jsonb,NULL,'["الأكثر مبيعاً","خصم 17%"]'::jsonb,NOW()),
('prod-88','رام Kingston Fury Beast 32GB DDR5','Kingston Fury Beast 32GB','kingston-fury-beast-32gb','KIN-1088',699,NULL,NULL,'ram','kingston','/catalog/ram-2.jpg','/catalog/ram-3.jpg',0,4.6,448,'مدى الحياة',false,true,false,false,false,'رام Kingston Fury Beast 32GB DDR5 - Kingston Fury Beast 32GB. رامات DDR4 و DDR5 بأعلى السرعات','{"السعة":"32GB","السرعة":"5600MHz"}'::jsonb,NULL,'["الأكثر مبيعاً"]'::jsonb,NOW()),
('prod-89','رام Corsair Dominator 64GB DDR5','Corsair Dominator 64GB DDR5','corsair-dominator-64gb-ddr5','COR-1089',1499,1699,12,'ram','corsair','/catalog/ram-3.jpg','/catalog/ram-1.jpg',82,4.4,15,'مدى الحياة',false,false,true,true,false,'رام Corsair Dominator 64GB DDR5 - Corsair Dominator 64GB DDR5. رامات DDR4 و DDR5 بأعلى السرعات','{"السعة":"64GB","السرعة":"6400MHz"}'::jsonb,NULL,'["حصري","خصم 12%"]'::jsonb,NOW()),
('prod-90','رام Kingston Fury 16GB DDR4','Kingston Fury 16GB DDR4','kingston-fury-16gb-ddr4','KIN-1090',289,349,17,'ram','kingston','/catalog/ram-1.jpg','/catalog/ram-2.jpg',5,4.2,52,'مدى الحياة',true,false,false,true,false,'رام Kingston Fury 16GB DDR4 - Kingston Fury 16GB DDR4. رامات DDR4 و DDR5 بأعلى السرعات','{"السعة":"16GB","السرعة":"3600MHz"}'::jsonb,NULL,'["جديد","خصم 17%"]'::jsonb,NOW()),
('prod-91','رام Corsair Vengeance 16GB DDR4','Corsair Vengeance 16GB DDR4','corsair-vengeance-16gb-ddr4','COR-1091',259,NULL,NULL,'ram','corsair','/catalog/ram-2.jpg','/catalog/ram-3.jpg',18,4.9,89,'مدى الحياة',false,false,false,false,false,'رام Corsair Vengeance 16GB DDR4 - Corsair Vengeance 16GB DDR4. رامات DDR4 و DDR5 بأعلى السرعات','{"السعة":"16GB","السرعة":"3200MHz"}'::jsonb,NULL,'[]'::jsonb,NOW()),
('prod-92','قرص Samsung 990 PRO 2TB NVMe','Samsung 990 PRO 2TB','samsung-990-pro-2tb','SAM-1092',899,1099,18,'storage','samsung','/catalog/storage-1.jpg','/catalog/storage-2.jpg',31,4.7,126,'5 سنوات',false,true,false,true,true,'قرص Samsung 990 PRO 2TB NVMe - Samsung 990 PRO 2TB. أقراص SSD NVMe و HDD لأسرع أداء','{"السعة":"2TB","السرعة":"7450MB/s"}'::jsonb,NULL,'["الأكثر مبيعاً","خصم 18%"]'::jsonb,NOW()),
('prod-93','قرص Samsung 980 1TB NVMe','Samsung 980 1TB NVMe','samsung-980-1tb-nvme','SAM-1093',449,NULL,NULL,'storage','samsung','/catalog/storage-2.jpg','/catalog/storage-3.jpg',44,4.5,163,'5 سنوات',false,true,false,false,false,'قرص Samsung 980 1TB NVMe - Samsung 980 1TB NVMe. أقراص SSD NVMe و HDD لأسرع أداء','{"السعة":"1TB","الواجهة":"PCIe 3.0"}'::jsonb,NULL,'["الأكثر مبيعاً"]'::jsonb,NOW()),
('prod-94','قرص Kingston KC3000 2TB','Kingston KC3000 2TB','kingston-kc3000-2tb','KIN-1094',799,949,16,'storage','kingston','/catalog/storage-3.jpg','/catalog/storage-1.jpg',57,4.3,200,'5 سنوات',true,false,false,true,false,'قرص Kingston KC3000 2TB - Kingston KC3000 2TB. أقراص SSD NVMe و HDD لأسرع أداء','{"السعة":"2TB","السرعة":"7000MB/s"}'::jsonb,NULL,'["جديد","خصم 16%"]'::jsonb,NOW()),
('prod-95','قرص Kingston NV2 1TB NVMe','Kingston NV2 1TB','kingston-nv2-1tb','KIN-1095',329,389,15,'storage','kingston','/catalog/storage-1.jpg','/catalog/storage-2.jpg',70,5.0,237,'3 سنوات',true,false,false,true,false,'قرص Kingston NV2 1TB NVMe - Kingston NV2 1TB. أقراص SSD NVMe و HDD لأسرع أداء','{"السعة":"1TB","الواجهة":"PCIe 4.0"}'::jsonb,NULL,'["جديد","خصم 15%"]'::jsonb,NOW()),
('prod-96','قرص Samsung T7 Shield خارجي 1TB','Samsung T7 Shield 1TB','samsung-t7-shield-1tb','SAM-1096',449,NULL,NULL,'storage','samsung','/catalog/storage-2.jpg','/catalog/storage-3.jpg',83,4.8,274,'3 سنوات',false,false,false,false,false,'قرص Samsung T7 Shield خارجي 1TB - Samsung T7 Shield 1TB. أقراص SSD NVMe و HDD لأسرع أداء','{"النوع":"خارجي","المقاومة":"للماء والصدمات"}'::jsonb,NULL,'[]'::jsonb,NOW()),
('prod-97','لوحة أم ASUS ROG Strix Z790-E','ASUS ROG Strix Z790-E','asus-rog-strix-z790-e','ASU-1097',1799,1999,10,'motherboards','asus','/catalog/motherboards-1.jpg','/catalog/motherboards-2.jpg',6,4.6,311,'3 سنوات',false,true,false,true,true,'لوحة أم ASUS ROG Strix Z790-E - ASUS ROG Strix Z790-E. لوحات أم لمنصات Intel و AMD','{"المنصة":"Intel LGA1700","الذاكرة":"DDR5"}'::jsonb,NULL,'["الأكثر مبيعاً","خصم 10%"]'::jsonb,NOW()),
('prod-98','لوحة أم MSI MAG B650 Tomahawk','MSI MAG B650 Tomahawk','msi-mag-b650-tomahawk','MSI-1098',899,NULL,NULL,'motherboards','msi','/catalog/motherboards-2.jpg','/catalog/motherboards-3.jpg',19,4.4,348,'3 سنوات',false,true,false,false,false,'لوحة أم MSI MAG B650 Tomahawk - MSI MAG B650 Tomahawk. لوحات أم لمنصات Intel و AMD','{"المنصة":"AMD AM5","الذاكرة":"DDR5"}'::jsonb,NULL,'["الأكثر مبيعاً"]'::jsonb,NOW()),
('prod-99','لوحة أم Gigabyte B760 AORUS Elite','Gigabyte B760 AORUS Elite','gigabyte-b760-aorus-elite','GIG-1099',799,949,16,'motherboards','gigabyte','/catalog/motherboards-3.jpg','/catalog/motherboards-1.jpg',0,4.2,385,'3 سنوات',true,false,false,true,false,'لوحة أم Gigabyte B760 AORUS Elite - Gigabyte B760 AORUS Elite. لوحات أم لمنصات Intel و AMD','{"المنصة":"Intel","WiFi":"نعم"}'::jsonb,NULL,'["جديد","خصم 16%"]'::jsonb,NOW()),
('prod-100','لوحة أم ASUS TUF X670E','ASUS TUF Gaming X670E','asus-tuf-gaming-x670e','ASU-1100',1299,NULL,NULL,'motherboards','asus','/catalog/motherboards-1.jpg','/catalog/motherboards-2.jpg',45,4.9,422,'3 سنوات',false,true,false,false,false,'لوحة أم ASUS TUF X670E - ASUS TUF Gaming X670E. لوحات أم لمنصات Intel و AMD','{"المنصة":"AMD AM5","PCIe":"5.0"}'::jsonb,NULL,'["الأكثر مبيعاً"]'::jsonb,NOW()),
('prod-101','تبريد مائي NZXT Kraken Elite 360','NZXT Kraken Elite 360','nzxt-kraken-elite-360','NZX-1101',1099,1299,15,'cooling','nzxt','/catalog/cooling-1.jpg','/catalog/cooling-2.jpg',58,4.7,459,'6 سنوات',false,true,false,true,true,'تبريد مائي NZXT Kraken Elite 360 - NZXT Kraken Elite 360. تبريد هوائي ومائي لأفضل حرارة وأداء','{"النوع":"مائي","المقاس":"360mm","الشاشة":"LCD"}'::jsonb,NULL,'["الأكثر مبيعاً","خصم 15%"]'::jsonb,NOW()),
('prod-102','تبريد مائي Corsair H150i Elite','Corsair iCUE H150i Elite','corsair-icue-h150i-elite','COR-1102',899,NULL,NULL,'cooling','corsair','/catalog/cooling-2.jpg','/catalog/cooling-3.jpg',71,4.5,26,'5 سنوات',false,true,false,false,false,'تبريد مائي Corsair H150i Elite - Corsair iCUE H150i Elite. تبريد هوائي ومائي لأفضل حرارة وأداء','{"النوع":"مائي","المقاس":"360mm"}'::jsonb,NULL,'["الأكثر مبيعاً"]'::jsonb,NOW()),
('prod-103','مبرد Cooler Master Hyper 212','Cooler Master Hyper 212','cooler-master-hyper-212','COO-1103',149,189,21,'cooling','cooler-master','/catalog/cooling-3.jpg','/catalog/cooling-1.jpg',84,4.3,63,'سنتان',true,false,false,true,false,'مبرد Cooler Master Hyper 212 - Cooler Master Hyper 212. تبريد هوائي ومائي لأفضل حرارة وأداء','{"النوع":"هوائي","الأنبوب":"4 هيت بايب"}'::jsonb,NULL,'["جديد","خصم 21%"]'::jsonb,NOW()),
('prod-104','تبريد مائي NZXT Kraken 240','NZXT Kraken 240','nzxt-kraken-240','NZX-1104',699,799,13,'cooling','nzxt','/catalog/cooling-1.jpg','/catalog/cooling-2.jpg',7,5.0,100,'6 سنوات',true,false,false,true,false,'تبريد مائي NZXT Kraken 240 - NZXT Kraken 240. تبريد هوائي ومائي لأفضل حرارة وأداء','{"النوع":"مائي","المقاس":"240mm"}'::jsonb,NULL,'["جديد","خصم 13%"]'::jsonb,NOW()),
('prod-105','مزود طاقة Corsair RM1000x','Corsair RM1000x 80+ Gold','corsair-rm1000x-80-gold','COR-1105',799,949,16,'power-supply','corsair','/catalog/power-supply-1.jpg','/catalog/power-supply-2.jpg',20,4.8,137,'10 سنوات',false,true,false,true,true,'مزود طاقة Corsair RM1000x - Corsair RM1000x 80+ Gold. مزودات طاقة موثوقة بكفاءة عالية','{"القدرة":"1000W","الكفاءة":"80+ Gold"}'::jsonb,NULL,'["الأكثر مبيعاً","خصم 16%"]'::jsonb,NOW()),
('prod-106','مزود طاقة Cooler Master MWE 750','Cooler Master MWE 750','cooler-master-mwe-750','COO-1106',399,NULL,NULL,'power-supply','cooler-master','/catalog/power-supply-2.jpg','/catalog/power-supply-3.jpg',33,4.6,174,'5 سنوات',false,true,false,false,false,'مزود طاقة Cooler Master MWE 750 - Cooler Master MWE 750. مزودات طاقة موثوقة بكفاءة عالية','{"القدرة":"750W","الكفاءة":"80+ Bronze"}'::jsonb,NULL,'["الأكثر مبيعاً"]'::jsonb,NOW()),
('prod-107','مزود طاقة Corsair HX1200i','Corsair HX1200i Platinum','corsair-hx1200i-platinum','COR-1107',1199,1399,14,'power-supply','corsair','/catalog/power-supply-3.jpg','/catalog/power-supply-1.jpg',46,4.4,211,'10 سنوات',false,false,true,true,false,'مزود طاقة Corsair HX1200i - Corsair HX1200i Platinum. مزودات طاقة موثوقة بكفاءة عالية','{"القدرة":"1200W","الكفاءة":"80+ Platinum"}'::jsonb,NULL,'["حصري","خصم 14%"]'::jsonb,NOW()),
('prod-108','مزود طاقة NZXT C850 Gold','NZXT C850 Gold','nzxt-c850-gold','NZX-1108',549,NULL,NULL,'power-supply','nzxt','/catalog/power-supply-1.jpg','/catalog/power-supply-2.jpg',59,4.2,248,'10 سنوات',true,false,false,true,false,'مزود طاقة NZXT C850 Gold - NZXT C850 Gold. مزودات طاقة موثوقة بكفاءة عالية','{"القدرة":"850W","الكفاءة":"80+ Gold"}'::jsonb,NULL,'["جديد"]'::jsonb,NOW()),
('prod-109','كيس NZXT H7 Flow RGB','NZXT H7 Flow RGB','nzxt-h7-flow-rgb','NZX-1109',699,799,13,'pc-cases','nzxt','/catalog/pc-cases-1.jpg','/catalog/pc-cases-2.jpg',72,4.9,285,'سنتان',false,true,false,true,true,'كيس NZXT H7 Flow RGB - NZXT H7 Flow RGB. كيسات بتصاميم مميزة وتهوية ممتازة','{"الحجم":"Mid Tower","التهوية":"ممتازة"}'::jsonb,NULL,'["الأكثر مبيعاً","خصم 13%"]'::jsonb,NOW()),
('prod-110','كيس Corsair 4000D Airflow','Corsair 4000D Airflow','corsair-4000d-airflow','COR-1110',499,NULL,NULL,'pc-cases','corsair','/catalog/pc-cases-2.jpg','/catalog/pc-cases-3.jpg',0,4.7,322,'سنتان',false,true,false,false,false,'كيس Corsair 4000D Airflow - Corsair 4000D Airflow. كيسات بتصاميم مميزة وتهوية ممتازة','{"الحجم":"Mid Tower","الواجهة":"شبكية"}'::jsonb,NULL,'["الأكثر مبيعاً"]'::jsonb,NOW()),
('prod-111','كيس Cooler Master TD500 Mesh','Cooler Master TD500 Mesh','cooler-master-td500-mesh','COO-1111',549,649,15,'pc-cases','cooler-master','/catalog/pc-cases-3.jpg','/catalog/pc-cases-1.jpg',8,4.5,359,'سنتان',true,false,false,true,false,'كيس Cooler Master TD500 Mesh - Cooler Master TD500 Mesh. كيسات بتصاميم مميزة وتهوية ممتازة','{"الحجم":"Mid Tower","الإضاءة":"ARGB"}'::jsonb,NULL,'["جديد","خصم 15%"]'::jsonb,NOW()),
('prod-112','كيس NZXT H5 Elite','NZXT H5 Elite','nzxt-h5-elite','NZX-1112',599,NULL,NULL,'pc-cases','nzxt','/catalog/pc-cases-1.jpg','/catalog/pc-cases-2.jpg',21,4.3,396,'سنتان',true,true,false,false,false,'كيس NZXT H5 Elite - NZXT H5 Elite. كيسات بتصاميم مميزة وتهوية ممتازة','{"الحجم":"Compact","اللوح":"زجاجي"}'::jsonb,NULL,'["جديد","الأكثر مبيعاً"]'::jsonb,NOW()),
('prod-113','لابتوب ASUS ROG Strix G16','ASUS ROG Strix G16','asus-rog-strix-g16','ASU-1113',6499,7299,11,'laptops','asus','/catalog/laptops-1.jpg','/catalog/laptops-2.jpg',34,5.0,433,'سنتان',false,true,false,true,true,'لابتوب ASUS ROG Strix G16 - ASUS ROG Strix G16. لابتوبات جيمنج وإنتاجية بأقوى المواصفات','{"المعالج":"i9","الكرت":"RTX 4070","الشاشة":"165Hz"}'::jsonb,NULL,'["الأكثر مبيعاً","خصم 11%"]'::jsonb,NOW()),
('prod-114','لابتوب MSI Raider GE78 HX','MSI Raider GE78 HX','msi-raider-ge78-hx','MSI-1114',9999,NULL,NULL,'laptops','msi','/catalog/laptops-2.jpg','/catalog/laptops-3.jpg',47,4.8,470,'سنتان',false,false,true,false,true,'لابتوب MSI Raider GE78 HX - MSI Raider GE78 HX. لابتوبات جيمنج وإنتاجية بأقوى المواصفات','{"المعالج":"i9","الكرت":"RTX 4080","الشاشة":"17 إنش"}'::jsonb,NULL,'["حصري"]'::jsonb,NOW()),
('prod-115','لابتوب ASUS TUF Gaming A15','ASUS TUF Gaming A15','asus-tuf-gaming-a15','ASU-1115',3799,4299,12,'laptops','asus','/catalog/laptops-3.jpg','/catalog/laptops-1.jpg',60,4.6,37,'سنتان',false,true,false,true,false,'لابتوب ASUS TUF Gaming A15 - ASUS TUF Gaming A15. لابتوبات جيمنج وإنتاجية بأقوى المواصفات','{"المعالج":"Ryzen 7","الكرت":"RTX 4060"}'::jsonb,NULL,'["الأكثر مبيعاً","خصم 12%"]'::jsonb,NOW()),
('prod-116','لابتوب MSI Cyborg 15','MSI Cyborg 15','msi-cyborg-15','MSI-1116',3299,NULL,NULL,'laptops','msi','/catalog/laptops-1.jpg','/catalog/laptops-2.jpg',73,4.4,74,'سنتان',true,true,false,false,false,'لابتوب MSI Cyborg 15 - MSI Cyborg 15. لابتوبات جيمنج وإنتاجية بأقوى المواصفات','{"المعالج":"i7","الكرت":"RTX 4050"}'::jsonb,NULL,'["جديد","الأكثر مبيعاً"]'::jsonb,NOW()),
('prod-117','لابتوب Razer Blade 16','Razer Blade 16','razer-blade-16','RAZ-1117',12999,13999,7,'laptops','razer','/catalog/laptops-2.jpg','/catalog/laptops-3.jpg',86,4.2,111,'سنتان',false,false,true,true,false,'لابتوب Razer Blade 16 - Razer Blade 16. لابتوبات جيمنج وإنتاجية بأقوى المواصفات','{"المعالج":"i9","الكرت":"RTX 4090","الشاشة":"OLED"}'::jsonb,NULL,'["حصري","خصم 7%"]'::jsonb,NOW()),
('prod-118','جهاز MSI Aegis RS مجمّع','MSI Aegis RS Gaming PC','msi-aegis-rs-gaming-pc','MSI-1118',8999,9999,10,'prebuilt-pc','msi','/catalog/prebuilt-pc-1.jpg','/catalog/prebuilt-pc-2.jpg',9,4.9,148,'سنتان',false,true,false,true,true,'جهاز MSI Aegis RS مجمّع - MSI Aegis RS Gaming PC. أجهزة جيمنج مجمّعة وجاهزة للعب','{"المعالج":"i7","الكرت":"RTX 4070 Ti","الرام":"32GB"}'::jsonb,NULL,'["الأكثر مبيعاً","خصم 10%"]'::jsonb,NOW()),
('prod-119','جهاز Corsair Vengeance i7400','Corsair Vengeance i7400','corsair-vengeance-i7400','COR-1119',10999,NULL,NULL,'prebuilt-pc','corsair','/catalog/prebuilt-pc-2.jpg','/catalog/prebuilt-pc-3.jpg',22,4.7,185,'سنتان',false,false,true,false,true,'جهاز Corsair Vengeance i7400 - Corsair Vengeance i7400. أجهزة جيمنج مجمّعة وجاهزة للعب','{"المعالج":"i9","الكرت":"RTX 4080","الرام":"32GB"}'::jsonb,NULL,'["حصري"]'::jsonb,NOW()),
('prod-120','جهاز NZXT Player Two مجمّع','NZXT Player Two','nzxt-player-two','NZX-1120',6499,7299,11,'prebuilt-pc','nzxt','/catalog/prebuilt-pc-3.jpg','/catalog/prebuilt-pc-1.jpg',35,4.5,222,'سنتان',false,true,false,true,false,'جهاز NZXT Player Two مجمّع - NZXT Player Two. أجهزة جيمنج مجمّعة وجاهزة للعب','{"المعالج":"Ryzen 7","الكرت":"RTX 4070"}'::jsonb,NULL,'["الأكثر مبيعاً","خصم 11%"]'::jsonb,NOW()),
('prod-121','جهاز NZXT Player One مجمّع','NZXT Player One','nzxt-player-one','NZX-1121',4499,NULL,NULL,'prebuilt-pc','nzxt','/catalog/prebuilt-pc-1.jpg','/catalog/prebuilt-pc-2.jpg',0,4.3,259,'سنتان',true,true,false,false,false,'جهاز NZXT Player One مجمّع - NZXT Player One. أجهزة جيمنج مجمّعة وجاهزة للعب','{"المعالج":"Ryzen 5","الكرت":"RTX 4060"}'::jsonb,NULL,'["جديد","الأكثر مبيعاً"]'::jsonb,NOW()),
('prod-122','بطاقة PlayStation Store بقيمة 50$','PlayStation Store $50','playstation-store-50','SON-1122',199,NULL,NULL,'gift-cards','sony','/catalog/gift-cards-1.jpg','/catalog/gift-cards-2.jpg',61,5.0,296,'-',false,true,false,false,false,'بطاقة PlayStation Store بقيمة 50$ - PlayStation Store $50. بطاقات هدايا رقمية لكل المتاجر والمنصات','{"النوع":"رقمية","التسليم":"فوري"}'::jsonb,NULL,'["الأكثر مبيعاً"]'::jsonb,NOW()),
('prod-123','بطاقة Xbox بقيمة 50$','Xbox Gift Card $50','xbox-gift-card-50','MIC-1123',199,NULL,NULL,'gift-cards','microsoft','/catalog/gift-cards-2.jpg','/catalog/gift-cards-3.jpg',74,4.8,333,'-',false,true,false,false,false,'بطاقة Xbox بقيمة 50$ - Xbox Gift Card $50. بطاقات هدايا رقمية لكل المتاجر والمنصات','{"النوع":"رقمية","التسليم":"فوري"}'::jsonb,NULL,'["الأكثر مبيعاً"]'::jsonb,NOW()),
('prod-124','بطاقة Nintendo eShop بقيمة 50$','Nintendo eShop $50','nintendo-eshop-50','NIN-1124',199,NULL,NULL,'gift-cards','nintendo','/catalog/gift-cards-3.jpg','/catalog/gift-cards-1.jpg',87,4.6,370,'-',true,false,false,false,false,'بطاقة Nintendo eShop بقيمة 50$ - Nintendo eShop $50. بطاقات هدايا رقمية لكل المتاجر والمنصات','{"النوع":"رقمية","التسليم":"فوري"}'::jsonb,NULL,'["جديد"]'::jsonb,NOW()),
('prod-125','بطاقة Steam Wallet بقيمة 50$','Steam Wallet $50','steam-wallet-50','STE-1125',199,NULL,NULL,'gift-cards','steam','/catalog/gift-cards-1.jpg','/catalog/gift-cards-2.jpg',10,4.4,407,'-',false,true,false,false,true,'بطاقة Steam Wallet بقيمة 50$ - Steam Wallet $50. بطاقات هدايا رقمية لكل المتاجر والمنصات','{"النوع":"رقمية","التسليم":"فوري"}'::jsonb,NULL,'["الأكثر مبيعاً"]'::jsonb,NOW()),
('prod-126','بطاقة Steam Wallet بقيمة 20$','Steam Wallet $20','steam-wallet-20','STE-1126',79,NULL,NULL,'gift-cards','steam','/catalog/gift-cards-2.jpg','/catalog/gift-cards-3.jpg',23,4.2,444,'-',true,false,false,false,false,'بطاقة Steam Wallet بقيمة 20$ - Steam Wallet $20. بطاقات هدايا رقمية لكل المتاجر والمنصات','{"النوع":"رقمية","التسليم":"فوري"}'::jsonb,NULL,'["جديد"]'::jsonb,NOW()),
('prod-127','هاب UGREEN USB-C 6 منافذ','UGREEN USB-C Hub 6-in-1','ugreen-usb-c-hub-6-in-1','UGR-1127',159,199,20,'accessories','ugreen','/catalog/accessories-1.jpg','/catalog/accessories-2.jpg',36,4.9,481,'سنتان',false,true,false,true,false,'هاب UGREEN USB-C 6 منافذ - UGREEN USB-C Hub 6-in-1. هابات ووصلات وملحقات تقنية متنوعة','{"المنافذ":"6","HDMI":"4K"}'::jsonb,NULL,'["الأكثر مبيعاً","خصم 20%"]'::jsonb,NOW()),
('prod-128','شاحن Anker 65W GaN','Anker 65W GaN Charger','anker-65w-gan-charger','ANK-1128',149,NULL,NULL,'accessories','anker','/catalog/accessories-2.jpg','/catalog/accessories-3.jpg',49,4.7,48,'سنة',true,true,false,false,false,'شاحن Anker 65W GaN - Anker 65W GaN Charger. هابات ووصلات وملحقات تقنية متنوعة','{"القدرة":"65W","المنافذ":"3"}'::jsonb,NULL,'["جديد","الأكثر مبيعاً"]'::jsonb,NOW()),
('prod-129','كيبل Anker PowerLine USB-C','Anker PowerLine USB-C Cable','anker-powerline-usb-c-cable','ANK-1129',49,69,29,'accessories','anker','/catalog/accessories-3.jpg','/catalog/accessories-1.jpg',62,4.5,85,'سنة',true,false,false,true,false,'كيبل Anker PowerLine USB-C - Anker PowerLine USB-C Cable. هابات ووصلات وملحقات تقنية متنوعة','{"الطول":"1.8m","النقل":"سريع"}'::jsonb,NULL,'["جديد","خصم 29%"]'::jsonb,NOW()),
('prod-130','كيبل UGREEN HDMI 2.1','UGREEN HDMI 2.1 Cable','ugreen-hdmi-2-1-cable','UGR-1130',79,NULL,NULL,'accessories','ugreen','/catalog/accessories-1.jpg','/catalog/accessories-2.jpg',75,4.3,122,'سنتان',false,false,false,false,false,'كيبل UGREEN HDMI 2.1 - UGREEN HDMI 2.1 Cable. هابات ووصلات وملحقات تقنية متنوعة','{"الدعم":"8K","الطول":"2m"}'::jsonb,NULL,'[]'::jsonb,NOW()),
('prod-131','طقم تنظيم كابلات UGREEN','UGREEN Cable Management Kit','ugreen-cable-management-kit','UGR-1131',59,79,25,'accessories','ugreen','/catalog/accessories-2.jpg','/catalog/accessories-3.jpg',88,5.0,159,'سنة',true,false,false,false,false,'طقم تنظيم كابلات UGREEN - UGREEN Cable Management Kit. هابات ووصلات وملحقات تقنية متنوعة','{"المحتوى":"شامل","اللون":"أسود"}'::jsonb,NULL,'["جديد","خصم 25%"]'::jsonb,NOW());

INSERT INTO product_reviews (id, product_id, author_name, rating, comment, date) VALUES
('rev-1-0','prod-1','محمد',5,'وصل بسرعة والتغليف ممتاز، الأداء رهيب','2026-02-11'),
('rev-1-1','prod-1','ليان',4,'سعر مناسب مقابل المواصفات، راضي جداً','2026-03-11'),
('rev-1-2','prod-1','خالد',5,'تجربة شراء مريحة والمنتج أصلي 100%','2026-04-11'),
('rev-3-0','prod-3','خالد',5,'تجربة شراء مريحة والمنتج أصلي 100%','2026-04-13'),
('rev-3-1','prod-3','سارة',4,'يستاهل كل قرش، الجودة فاقت توقعاتي','2026-05-13'),
('rev-3-2','prod-3','أحمد',5,'منتج ممتاز وجودة عالية، أنصح فيه بشدة','2026-01-13'),
('rev-4-0','prod-4','سارة',4,'يستاهل كل قرش، الجودة فاقت توقعاتي','2026-05-14'),
('rev-4-1','prod-4','أحمد',5,'منتج ممتاز وجودة عالية، أنصح فيه بشدة','2026-01-14'),
('rev-5-0','prod-5','أحمد',5,'منتج ممتاز وجودة عالية، أنصح فيه بشدة','2026-01-15'),
('rev-5-1','prod-5','محمد',4,'وصل بسرعة والتغليف ممتاز، الأداء رهيب','2026-02-15'),
('rev-5-2','prod-5','ليان',5,'سعر مناسب مقابل المواصفات، راضي جداً','2026-03-15'),
('rev-6-0','prod-6','محمد',4,'وصل بسرعة والتغليف ممتاز، الأداء رهيب','2026-02-16'),
('rev-6-1','prod-6','ليان',5,'سعر مناسب مقابل المواصفات، راضي جداً','2026-03-16'),
('rev-9-0','prod-9','سارة',5,'يستاهل كل قرش، الجودة فاقت توقعاتي','2026-05-10'),
('rev-9-1','prod-9','أحمد',4,'منتج ممتاز وجودة عالية، أنصح فيه بشدة','2026-01-10'),
('rev-9-2','prod-9','محمد',5,'وصل بسرعة والتغليف ممتاز، الأداء رهيب','2026-02-10'),
('rev-10-0','prod-10','أحمد',4,'منتج ممتاز وجودة عالية، أنصح فيه بشدة','2026-01-11'),
('rev-10-1','prod-10','محمد',5,'وصل بسرعة والتغليف ممتاز، الأداء رهيب','2026-02-11'),
('rev-12-0','prod-12','ليان',4,'سعر مناسب مقابل المواصفات، راضي جداً','2026-03-13'),
('rev-12-1','prod-12','خالد',5,'تجربة شراء مريحة والمنتج أصلي 100%','2026-04-13'),
('rev-14-0','prod-14','سارة',4,'يستاهل كل قرش، الجودة فاقت توقعاتي','2026-05-15'),
('rev-14-1','prod-14','أحمد',5,'منتج ممتاز وجودة عالية، أنصح فيه بشدة','2026-01-15'),
('rev-17-0','prod-17','ليان',5,'سعر مناسب مقابل المواصفات، راضي جداً','2026-03-18'),
('rev-17-1','prod-17','خالد',4,'تجربة شراء مريحة والمنتج أصلي 100%','2026-04-18'),
('rev-17-2','prod-17','سارة',5,'يستاهل كل قرش، الجودة فاقت توقعاتي','2026-05-18'),
('rev-19-0','prod-19','سارة',5,'يستاهل كل قرش، الجودة فاقت توقعاتي','2026-05-11'),
('rev-19-1','prod-19','أحمد',4,'منتج ممتاز وجودة عالية، أنصح فيه بشدة','2026-01-11'),
('rev-19-2','prod-19','محمد',5,'وصل بسرعة والتغليف ممتاز، الأداء رهيب','2026-02-11'),
('rev-21-0','prod-21','محمد',5,'وصل بسرعة والتغليف ممتاز، الأداء رهيب','2026-02-13'),
('rev-21-1','prod-21','ليان',4,'سعر مناسب مقابل المواصفات، راضي جداً','2026-03-13'),
('rev-21-2','prod-21','خالد',5,'تجربة شراء مريحة والمنتج أصلي 100%','2026-04-13'),
('rev-23-0','prod-23','خالد',5,'تجربة شراء مريحة والمنتج أصلي 100%','2026-04-15'),
('rev-23-1','prod-23','سارة',4,'يستاهل كل قرش، الجودة فاقت توقعاتي','2026-05-15'),
('rev-23-2','prod-23','أحمد',5,'منتج ممتاز وجودة عالية، أنصح فيه بشدة','2026-01-15'),
('rev-24-0','prod-24','سارة',4,'يستاهل كل قرش، الجودة فاقت توقعاتي','2026-05-16'),
('rev-24-1','prod-24','أحمد',5,'منتج ممتاز وجودة عالية، أنصح فيه بشدة','2026-01-16'),
('rev-25-0','prod-25','أحمد',5,'منتج ممتاز وجودة عالية، أنصح فيه بشدة','2026-01-17'),
('rev-25-1','prod-25','محمد',4,'وصل بسرعة والتغليف ممتاز، الأداء رهيب','2026-02-17'),
('rev-25-2','prod-25','ليان',5,'سعر مناسب مقابل المواصفات، راضي جداً','2026-03-17'),
('rev-26-0','prod-26','محمد',4,'وصل بسرعة والتغليف ممتاز، الأداء رهيب','2026-02-18'),
('rev-26-1','prod-26','ليان',5,'سعر مناسب مقابل المواصفات، راضي جداً','2026-03-18'),
('rev-28-0','prod-28','خالد',4,'تجربة شراء مريحة والمنتج أصلي 100%','2026-04-11'),
('rev-28-1','prod-28','سارة',5,'يستاهل كل قرش، الجودة فاقت توقعاتي','2026-05-11'),
('rev-30-0','prod-30','أحمد',4,'منتج ممتاز وجودة عالية، أنصح فيه بشدة','2026-01-13'),
('rev-30-1','prod-30','محمد',5,'وصل بسرعة والتغليف ممتاز، الأداء رهيب','2026-02-13'),
('rev-32-0','prod-32','ليان',4,'سعر مناسب مقابل المواصفات، راضي جداً','2026-03-15'),
('rev-32-1','prod-32','خالد',5,'تجربة شراء مريحة والمنتج أصلي 100%','2026-04-15'),
('rev-34-0','prod-34','سارة',4,'يستاهل كل قرش، الجودة فاقت توقعاتي','2026-05-17'),
('rev-34-1','prod-34','أحمد',5,'منتج ممتاز وجودة عالية، أنصح فيه بشدة','2026-01-17'),
('rev-35-0','prod-35','أحمد',5,'منتج ممتاز وجودة عالية، أنصح فيه بشدة','2026-01-18'),
('rev-35-1','prod-35','محمد',4,'وصل بسرعة والتغليف ممتاز، الأداء رهيب','2026-02-18'),
('rev-35-2','prod-35','ليان',5,'سعر مناسب مقابل المواصفات، راضي جداً','2026-03-18'),
('rev-36-0','prod-36','محمد',4,'وصل بسرعة والتغليف ممتاز، الأداء رهيب','2026-02-10'),
('rev-36-1','prod-36','ليان',5,'سعر مناسب مقابل المواصفات، راضي جداً','2026-03-10'),
('rev-37-0','prod-37','ليان',5,'سعر مناسب مقابل المواصفات، راضي جداً','2026-03-11'),
('rev-37-1','prod-37','خالد',4,'تجربة شراء مريحة والمنتج أصلي 100%','2026-04-11'),
('rev-37-2','prod-37','سارة',5,'يستاهل كل قرش، الجودة فاقت توقعاتي','2026-05-11'),
('rev-38-0','prod-38','خالد',4,'تجربة شراء مريحة والمنتج أصلي 100%','2026-04-12'),
('rev-38-1','prod-38','سارة',5,'يستاهل كل قرش، الجودة فاقت توقعاتي','2026-05-12'),
('rev-41-0','prod-41','محمد',5,'وصل بسرعة والتغليف ممتاز، الأداء رهيب','2026-02-15'),
('rev-41-1','prod-41','ليان',4,'سعر مناسب مقابل المواصفات، راضي جداً','2026-03-15'),
('rev-41-2','prod-41','خالد',5,'تجربة شراء مريحة والمنتج أصلي 100%','2026-04-15'),
('rev-42-0','prod-42','ليان',4,'سعر مناسب مقابل المواصفات، راضي جداً','2026-03-16'),
('rev-42-1','prod-42','خالد',5,'تجربة شراء مريحة والمنتج أصلي 100%','2026-04-16'),
('rev-43-0','prod-43','خالد',5,'تجربة شراء مريحة والمنتج أصلي 100%','2026-04-17'),
('rev-43-1','prod-43','سارة',4,'يستاهل كل قرش، الجودة فاقت توقعاتي','2026-05-17'),
('rev-43-2','prod-43','أحمد',5,'منتج ممتاز وجودة عالية، أنصح فيه بشدة','2026-01-17'),
('rev-45-0','prod-45','أحمد',5,'منتج ممتاز وجودة عالية، أنصح فيه بشدة','2026-01-10'),
('rev-45-1','prod-45','محمد',4,'وصل بسرعة والتغليف ممتاز، الأداء رهيب','2026-02-10'),
('rev-45-2','prod-45','ليان',5,'سعر مناسب مقابل المواصفات، راضي جداً','2026-03-10'),
('rev-47-0','prod-47','ليان',5,'سعر مناسب مقابل المواصفات، راضي جداً','2026-03-12'),
('rev-47-1','prod-47','خالد',4,'تجربة شراء مريحة والمنتج أصلي 100%','2026-04-12'),
('rev-47-2','prod-47','سارة',5,'يستاهل كل قرش، الجودة فاقت توقعاتي','2026-05-12'),
('rev-49-0','prod-49','سارة',5,'يستاهل كل قرش، الجودة فاقت توقعاتي','2026-05-14'),
('rev-49-1','prod-49','أحمد',4,'منتج ممتاز وجودة عالية، أنصح فيه بشدة','2026-01-14'),
('rev-49-2','prod-49','محمد',5,'وصل بسرعة والتغليف ممتاز، الأداء رهيب','2026-02-14'),
('rev-51-0','prod-51','محمد',5,'وصل بسرعة والتغليف ممتاز، الأداء رهيب','2026-02-16'),
('rev-51-1','prod-51','ليان',4,'سعر مناسب مقابل المواصفات، راضي جداً','2026-03-16'),
('rev-51-2','prod-51','خالد',5,'تجربة شراء مريحة والمنتج أصلي 100%','2026-04-16'),
('rev-52-0','prod-52','ليان',4,'سعر مناسب مقابل المواصفات، راضي جداً','2026-03-17'),
('rev-52-1','prod-52','خالد',5,'تجربة شراء مريحة والمنتج أصلي 100%','2026-04-17'),
('rev-53-0','prod-53','خالد',5,'تجربة شراء مريحة والمنتج أصلي 100%','2026-04-18'),
('rev-53-1','prod-53','سارة',4,'يستاهل كل قرش، الجودة فاقت توقعاتي','2026-05-18'),
('rev-53-2','prod-53','أحمد',5,'منتج ممتاز وجودة عالية، أنصح فيه بشدة','2026-01-18'),
('rev-54-0','prod-54','سارة',4,'يستاهل كل قرش، الجودة فاقت توقعاتي','2026-05-10'),
('rev-54-1','prod-54','أحمد',5,'منتج ممتاز وجودة عالية، أنصح فيه بشدة','2026-01-10'),
('rev-55-0','prod-55','أحمد',5,'منتج ممتاز وجودة عالية، أنصح فيه بشدة','2026-01-11'),
('rev-55-1','prod-55','محمد',4,'وصل بسرعة والتغليف ممتاز، الأداء رهيب','2026-02-11'),
('rev-55-2','prod-55','ليان',5,'سعر مناسب مقابل المواصفات، راضي جداً','2026-03-11'),
('rev-56-0','prod-56','محمد',4,'وصل بسرعة والتغليف ممتاز، الأداء رهيب','2026-02-12'),
('rev-56-1','prod-56','ليان',5,'سعر مناسب مقابل المواصفات، راضي جداً','2026-03-12'),
('rev-57-0','prod-57','ليان',5,'سعر مناسب مقابل المواصفات، راضي جداً','2026-03-13'),
('rev-57-1','prod-57','خالد',4,'تجربة شراء مريحة والمنتج أصلي 100%','2026-04-13'),
('rev-57-2','prod-57','سارة',5,'يستاهل كل قرش، الجودة فاقت توقعاتي','2026-05-13'),
('rev-58-0','prod-58','خالد',4,'تجربة شراء مريحة والمنتج أصلي 100%','2026-04-14'),
('rev-58-1','prod-58','سارة',5,'يستاهل كل قرش، الجودة فاقت توقعاتي','2026-05-14'),
('rev-59-0','prod-59','سارة',5,'يستاهل كل قرش، الجودة فاقت توقعاتي','2026-05-15'),
('rev-59-1','prod-59','أحمد',4,'منتج ممتاز وجودة عالية، أنصح فيه بشدة','2026-01-15'),
('rev-59-2','prod-59','محمد',5,'وصل بسرعة والتغليف ممتاز، الأداء رهيب','2026-02-15'),
('rev-60-0','prod-60','أحمد',4,'منتج ممتاز وجودة عالية، أنصح فيه بشدة','2026-01-16'),
('rev-60-1','prod-60','محمد',5,'وصل بسرعة والتغليف ممتاز، الأداء رهيب','2026-02-16'),
('rev-62-0','prod-62','ليان',4,'سعر مناسب مقابل المواصفات، راضي جداً','2026-03-18'),
('rev-62-1','prod-62','خالد',5,'تجربة شراء مريحة والمنتج أصلي 100%','2026-04-18'),
('rev-63-0','prod-63','خالد',5,'تجربة شراء مريحة والمنتج أصلي 100%','2026-04-10'),
('rev-63-1','prod-63','سارة',4,'يستاهل كل قرش، الجودة فاقت توقعاتي','2026-05-10'),
('rev-63-2','prod-63','أحمد',5,'منتج ممتاز وجودة عالية، أنصح فيه بشدة','2026-01-10'),
('rev-64-0','prod-64','سارة',4,'يستاهل كل قرش، الجودة فاقت توقعاتي','2026-05-11'),
('rev-64-1','prod-64','أحمد',5,'منتج ممتاز وجودة عالية، أنصح فيه بشدة','2026-01-11'),
('rev-65-0','prod-65','أحمد',5,'منتج ممتاز وجودة عالية، أنصح فيه بشدة','2026-01-12'),
('rev-65-1','prod-65','محمد',4,'وصل بسرعة والتغليف ممتاز، الأداء رهيب','2026-02-12'),
('rev-65-2','prod-65','ليان',5,'سعر مناسب مقابل المواصفات، راضي جداً','2026-03-12'),
('rev-66-0','prod-66','محمد',4,'وصل بسرعة والتغليف ممتاز، الأداء رهيب','2026-02-13'),
('rev-66-1','prod-66','ليان',5,'سعر مناسب مقابل المواصفات، راضي جداً','2026-03-13'),
('rev-67-0','prod-67','ليان',5,'سعر مناسب مقابل المواصفات، راضي جداً','2026-03-14'),
('rev-67-1','prod-67','خالد',4,'تجربة شراء مريحة والمنتج أصلي 100%','2026-04-14'),
('rev-67-2','prod-67','سارة',5,'يستاهل كل قرش، الجودة فاقت توقعاتي','2026-05-14'),
('rev-68-0','prod-68','خالد',4,'تجربة شراء مريحة والمنتج أصلي 100%','2026-04-15'),
('rev-68-1','prod-68','سارة',5,'يستاهل كل قرش، الجودة فاقت توقعاتي','2026-05-15'),
('rev-69-0','prod-69','سارة',5,'يستاهل كل قرش، الجودة فاقت توقعاتي','2026-05-16'),
('rev-69-1','prod-69','أحمد',4,'منتج ممتاز وجودة عالية، أنصح فيه بشدة','2026-01-16'),
('rev-69-2','prod-69','محمد',5,'وصل بسرعة والتغليف ممتاز، الأداء رهيب','2026-02-16'),
('rev-70-0','prod-70','أحمد',4,'منتج ممتاز وجودة عالية، أنصح فيه بشدة','2026-01-17'),
('rev-70-1','prod-70','محمد',5,'وصل بسرعة والتغليف ممتاز، الأداء رهيب','2026-02-17'),
('rev-71-0','prod-71','محمد',5,'وصل بسرعة والتغليف ممتاز، الأداء رهيب','2026-02-18'),
('rev-71-1','prod-71','ليان',4,'سعر مناسب مقابل المواصفات، راضي جداً','2026-03-18'),
('rev-71-2','prod-71','خالد',5,'تجربة شراء مريحة والمنتج أصلي 100%','2026-04-18'),
('rev-73-0','prod-73','خالد',5,'تجربة شراء مريحة والمنتج أصلي 100%','2026-04-11'),
('rev-73-1','prod-73','سارة',4,'يستاهل كل قرش، الجودة فاقت توقعاتي','2026-05-11'),
('rev-73-2','prod-73','أحمد',5,'منتج ممتاز وجودة عالية، أنصح فيه بشدة','2026-01-11'),
('rev-75-0','prod-75','أحمد',5,'منتج ممتاز وجودة عالية، أنصح فيه بشدة','2026-01-13'),
('rev-75-1','prod-75','محمد',4,'وصل بسرعة والتغليف ممتاز، الأداء رهيب','2026-02-13'),
('rev-75-2','prod-75','ليان',5,'سعر مناسب مقابل المواصفات، راضي جداً','2026-03-13'),
('rev-76-0','prod-76','محمد',4,'وصل بسرعة والتغليف ممتاز، الأداء رهيب','2026-02-14'),
('rev-76-1','prod-76','ليان',5,'سعر مناسب مقابل المواصفات، راضي جداً','2026-03-14'),
('rev-77-0','prod-77','ليان',5,'سعر مناسب مقابل المواصفات، راضي جداً','2026-03-15'),
('rev-77-1','prod-77','خالد',4,'تجربة شراء مريحة والمنتج أصلي 100%','2026-04-15'),
('rev-77-2','prod-77','سارة',5,'يستاهل كل قرش، الجودة فاقت توقعاتي','2026-05-15'),
('rev-78-0','prod-78','خالد',4,'تجربة شراء مريحة والمنتج أصلي 100%','2026-04-16'),
('rev-78-1','prod-78','سارة',5,'يستاهل كل قرش، الجودة فاقت توقعاتي','2026-05-16'),
('rev-79-0','prod-79','سارة',5,'يستاهل كل قرش، الجودة فاقت توقعاتي','2026-05-17'),
('rev-79-1','prod-79','أحمد',4,'منتج ممتاز وجودة عالية، أنصح فيه بشدة','2026-01-17'),
('rev-79-2','prod-79','محمد',5,'وصل بسرعة والتغليف ممتاز، الأداء رهيب','2026-02-17'),
('rev-81-0','prod-81','محمد',5,'وصل بسرعة والتغليف ممتاز، الأداء رهيب','2026-02-10'),
('rev-81-1','prod-81','ليان',4,'سعر مناسب مقابل المواصفات، راضي جداً','2026-03-10'),
('rev-81-2','prod-81','خالد',5,'تجربة شراء مريحة والمنتج أصلي 100%','2026-04-10'),
('rev-82-0','prod-82','ليان',4,'سعر مناسب مقابل المواصفات، راضي جداً','2026-03-11'),
('rev-82-1','prod-82','خالد',5,'تجربة شراء مريحة والمنتج أصلي 100%','2026-04-11'),
('rev-83-0','prod-83','خالد',5,'تجربة شراء مريحة والمنتج أصلي 100%','2026-04-12'),
('rev-83-1','prod-83','سارة',4,'يستاهل كل قرش، الجودة فاقت توقعاتي','2026-05-12'),
('rev-83-2','prod-83','أحمد',5,'منتج ممتاز وجودة عالية، أنصح فيه بشدة','2026-01-12'),
('rev-84-0','prod-84','سارة',4,'يستاهل كل قرش، الجودة فاقت توقعاتي','2026-05-13'),
('rev-84-1','prod-84','أحمد',5,'منتج ممتاز وجودة عالية، أنصح فيه بشدة','2026-01-13'),
('rev-85-0','prod-85','أحمد',5,'منتج ممتاز وجودة عالية، أنصح فيه بشدة','2026-01-14'),
('rev-85-1','prod-85','محمد',4,'وصل بسرعة والتغليف ممتاز، الأداء رهيب','2026-02-14'),
('rev-85-2','prod-85','ليان',5,'سعر مناسب مقابل المواصفات، راضي جداً','2026-03-14'),
('rev-86-0','prod-86','محمد',4,'وصل بسرعة والتغليف ممتاز، الأداء رهيب','2026-02-15'),
('rev-86-1','prod-86','ليان',5,'سعر مناسب مقابل المواصفات، راضي جداً','2026-03-15'),
('rev-87-0','prod-87','ليان',5,'سعر مناسب مقابل المواصفات، راضي جداً','2026-03-16'),
('rev-87-1','prod-87','خالد',4,'تجربة شراء مريحة والمنتج أصلي 100%','2026-04-16'),
('rev-87-2','prod-87','سارة',5,'يستاهل كل قرش، الجودة فاقت توقعاتي','2026-05-16'),
('rev-88-0','prod-88','خالد',4,'تجربة شراء مريحة والمنتج أصلي 100%','2026-04-17'),
('rev-88-1','prod-88','سارة',5,'يستاهل كل قرش، الجودة فاقت توقعاتي','2026-05-17'),
('rev-89-0','prod-89','سارة',5,'يستاهل كل قرش، الجودة فاقت توقعاتي','2026-05-18'),
('rev-89-1','prod-89','أحمد',4,'منتج ممتاز وجودة عالية، أنصح فيه بشدة','2026-01-18'),
('rev-89-2','prod-89','محمد',5,'وصل بسرعة والتغليف ممتاز، الأداء رهيب','2026-02-18'),
('rev-90-0','prod-90','أحمد',4,'منتج ممتاز وجودة عالية، أنصح فيه بشدة','2026-01-10'),
('rev-90-1','prod-90','محمد',5,'وصل بسرعة والتغليف ممتاز، الأداء رهيب','2026-02-10'),
('rev-92-0','prod-92','ليان',4,'سعر مناسب مقابل المواصفات، راضي جداً','2026-03-12'),
('rev-92-1','prod-92','خالد',5,'تجربة شراء مريحة والمنتج أصلي 100%','2026-04-12'),
('rev-93-0','prod-93','خالد',5,'تجربة شراء مريحة والمنتج أصلي 100%','2026-04-13'),
('rev-93-1','prod-93','سارة',4,'يستاهل كل قرش، الجودة فاقت توقعاتي','2026-05-13'),
('rev-93-2','prod-93','أحمد',5,'منتج ممتاز وجودة عالية، أنصح فيه بشدة','2026-01-13'),
('rev-94-0','prod-94','سارة',4,'يستاهل كل قرش، الجودة فاقت توقعاتي','2026-05-14'),
('rev-94-1','prod-94','أحمد',5,'منتج ممتاز وجودة عالية، أنصح فيه بشدة','2026-01-14'),
('rev-95-0','prod-95','أحمد',5,'منتج ممتاز وجودة عالية، أنصح فيه بشدة','2026-01-15'),
('rev-95-1','prod-95','محمد',4,'وصل بسرعة والتغليف ممتاز، الأداء رهيب','2026-02-15'),
('rev-95-2','prod-95','ليان',5,'سعر مناسب مقابل المواصفات، راضي جداً','2026-03-15'),
('rev-97-0','prod-97','ليان',5,'سعر مناسب مقابل المواصفات، راضي جداً','2026-03-17'),
('rev-97-1','prod-97','خالد',4,'تجربة شراء مريحة والمنتج أصلي 100%','2026-04-17'),
('rev-97-2','prod-97','سارة',5,'يستاهل كل قرش، الجودة فاقت توقعاتي','2026-05-17'),
('rev-98-0','prod-98','خالد',4,'تجربة شراء مريحة والمنتج أصلي 100%','2026-04-18'),
('rev-98-1','prod-98','سارة',5,'يستاهل كل قرش، الجودة فاقت توقعاتي','2026-05-18'),
('rev-99-0','prod-99','سارة',5,'يستاهل كل قرش، الجودة فاقت توقعاتي','2026-05-10'),
('rev-99-1','prod-99','أحمد',4,'منتج ممتاز وجودة عالية، أنصح فيه بشدة','2026-01-10'),
('rev-99-2','prod-99','محمد',5,'وصل بسرعة والتغليف ممتاز، الأداء رهيب','2026-02-10'),
('rev-100-0','prod-100','أحمد',4,'منتج ممتاز وجودة عالية، أنصح فيه بشدة','2026-01-11'),
('rev-100-1','prod-100','محمد',5,'وصل بسرعة والتغليف ممتاز، الأداء رهيب','2026-02-11'),
('rev-101-0','prod-101','محمد',5,'وصل بسرعة والتغليف ممتاز، الأداء رهيب','2026-02-12'),
('rev-101-1','prod-101','ليان',4,'سعر مناسب مقابل المواصفات، راضي جداً','2026-03-12'),
('rev-101-2','prod-101','خالد',5,'تجربة شراء مريحة والمنتج أصلي 100%','2026-04-12'),
('rev-102-0','prod-102','ليان',4,'سعر مناسب مقابل المواصفات، راضي جداً','2026-03-13'),
('rev-102-1','prod-102','خالد',5,'تجربة شراء مريحة والمنتج أصلي 100%','2026-04-13'),
('rev-103-0','prod-103','خالد',5,'تجربة شراء مريحة والمنتج أصلي 100%','2026-04-14'),
('rev-103-1','prod-103','سارة',4,'يستاهل كل قرش، الجودة فاقت توقعاتي','2026-05-14'),
('rev-103-2','prod-103','أحمد',5,'منتج ممتاز وجودة عالية، أنصح فيه بشدة','2026-01-14'),
('rev-104-0','prod-104','سارة',4,'يستاهل كل قرش، الجودة فاقت توقعاتي','2026-05-15'),
('rev-104-1','prod-104','أحمد',5,'منتج ممتاز وجودة عالية، أنصح فيه بشدة','2026-01-15'),
('rev-105-0','prod-105','أحمد',5,'منتج ممتاز وجودة عالية، أنصح فيه بشدة','2026-01-16'),
('rev-105-1','prod-105','محمد',4,'وصل بسرعة والتغليف ممتاز، الأداء رهيب','2026-02-16'),
('rev-105-2','prod-105','ليان',5,'سعر مناسب مقابل المواصفات، راضي جداً','2026-03-16'),
('rev-106-0','prod-106','محمد',4,'وصل بسرعة والتغليف ممتاز، الأداء رهيب','2026-02-17'),
('rev-106-1','prod-106','ليان',5,'سعر مناسب مقابل المواصفات، راضي جداً','2026-03-17'),
('rev-107-0','prod-107','ليان',5,'سعر مناسب مقابل المواصفات، راضي جداً','2026-03-18'),
('rev-107-1','prod-107','خالد',4,'تجربة شراء مريحة والمنتج أصلي 100%','2026-04-18'),
('rev-107-2','prod-107','سارة',5,'يستاهل كل قرش، الجودة فاقت توقعاتي','2026-05-18'),
('rev-108-0','prod-108','خالد',4,'تجربة شراء مريحة والمنتج أصلي 100%','2026-04-10'),
('rev-108-1','prod-108','سارة',5,'يستاهل كل قرش، الجودة فاقت توقعاتي','2026-05-10'),
('rev-109-0','prod-109','سارة',5,'يستاهل كل قرش، الجودة فاقت توقعاتي','2026-05-11'),
('rev-109-1','prod-109','أحمد',4,'منتج ممتاز وجودة عالية، أنصح فيه بشدة','2026-01-11'),
('rev-109-2','prod-109','محمد',5,'وصل بسرعة والتغليف ممتاز، الأداء رهيب','2026-02-11'),
('rev-110-0','prod-110','أحمد',4,'منتج ممتاز وجودة عالية، أنصح فيه بشدة','2026-01-12'),
('rev-110-1','prod-110','محمد',5,'وصل بسرعة والتغليف ممتاز، الأداء رهيب','2026-02-12'),
('rev-111-0','prod-111','محمد',5,'وصل بسرعة والتغليف ممتاز، الأداء رهيب','2026-02-13'),
('rev-111-1','prod-111','ليان',4,'سعر مناسب مقابل المواصفات، راضي جداً','2026-03-13'),
('rev-111-2','prod-111','خالد',5,'تجربة شراء مريحة والمنتج أصلي 100%','2026-04-13'),
('rev-112-0','prod-112','ليان',4,'سعر مناسب مقابل المواصفات، راضي جداً','2026-03-14'),
('rev-112-1','prod-112','خالد',5,'تجربة شراء مريحة والمنتج أصلي 100%','2026-04-14'),
('rev-113-0','prod-113','خالد',5,'تجربة شراء مريحة والمنتج أصلي 100%','2026-04-15'),
('rev-113-1','prod-113','سارة',4,'يستاهل كل قرش، الجودة فاقت توقعاتي','2026-05-15'),
('rev-113-2','prod-113','أحمد',5,'منتج ممتاز وجودة عالية، أنصح فيه بشدة','2026-01-15'),
('rev-114-0','prod-114','سارة',4,'يستاهل كل قرش، الجودة فاقت توقعاتي','2026-05-16'),
('rev-114-1','prod-114','أحمد',5,'منتج ممتاز وجودة عالية، أنصح فيه بشدة','2026-01-16'),
('rev-115-0','prod-115','أحمد',5,'منتج ممتاز وجودة عالية، أنصح فيه بشدة','2026-01-17'),
('rev-115-1','prod-115','محمد',4,'وصل بسرعة والتغليف ممتاز، الأداء رهيب','2026-02-17'),
('rev-115-2','prod-115','ليان',5,'سعر مناسب مقابل المواصفات، راضي جداً','2026-03-17'),
('rev-116-0','prod-116','محمد',4,'وصل بسرعة والتغليف ممتاز، الأداء رهيب','2026-02-18'),
('rev-116-1','prod-116','ليان',5,'سعر مناسب مقابل المواصفات، راضي جداً','2026-03-18'),
('rev-117-0','prod-117','ليان',5,'سعر مناسب مقابل المواصفات، راضي جداً','2026-03-10'),
('rev-117-1','prod-117','خالد',4,'تجربة شراء مريحة والمنتج أصلي 100%','2026-04-10'),
('rev-117-2','prod-117','سارة',5,'يستاهل كل قرش، الجودة فاقت توقعاتي','2026-05-10'),
('rev-118-0','prod-118','خالد',4,'تجربة شراء مريحة والمنتج أصلي 100%','2026-04-11'),
('rev-118-1','prod-118','سارة',5,'يستاهل كل قرش، الجودة فاقت توقعاتي','2026-05-11'),
('rev-119-0','prod-119','سارة',5,'يستاهل كل قرش، الجودة فاقت توقعاتي','2026-05-12'),
('rev-119-1','prod-119','أحمد',4,'منتج ممتاز وجودة عالية، أنصح فيه بشدة','2026-01-12'),
('rev-119-2','prod-119','محمد',5,'وصل بسرعة والتغليف ممتاز، الأداء رهيب','2026-02-12'),
('rev-120-0','prod-120','أحمد',4,'منتج ممتاز وجودة عالية، أنصح فيه بشدة','2026-01-13'),
('rev-120-1','prod-120','محمد',5,'وصل بسرعة والتغليف ممتاز، الأداء رهيب','2026-02-13'),
('rev-121-0','prod-121','محمد',5,'وصل بسرعة والتغليف ممتاز، الأداء رهيب','2026-02-14'),
('rev-121-1','prod-121','ليان',4,'سعر مناسب مقابل المواصفات، راضي جداً','2026-03-14'),
('rev-121-2','prod-121','خالد',5,'تجربة شراء مريحة والمنتج أصلي 100%','2026-04-14'),
('rev-122-0','prod-122','ليان',4,'سعر مناسب مقابل المواصفات، راضي جداً','2026-03-15'),
('rev-122-1','prod-122','خالد',5,'تجربة شراء مريحة والمنتج أصلي 100%','2026-04-15'),
('rev-123-0','prod-123','خالد',5,'تجربة شراء مريحة والمنتج أصلي 100%','2026-04-16'),
('rev-123-1','prod-123','سارة',4,'يستاهل كل قرش، الجودة فاقت توقعاتي','2026-05-16'),
('rev-123-2','prod-123','أحمد',5,'منتج ممتاز وجودة عالية، أنصح فيه بشدة','2026-01-16'),
('rev-125-0','prod-125','أحمد',5,'منتج ممتاز وجودة عالية، أنصح فيه بشدة','2026-01-18'),
('rev-125-1','prod-125','محمد',4,'وصل بسرعة والتغليف ممتاز، الأداء رهيب','2026-02-18'),
('rev-125-2','prod-125','ليان',5,'سعر مناسب مقابل المواصفات، راضي جداً','2026-03-18'),
('rev-127-0','prod-127','ليان',5,'سعر مناسب مقابل المواصفات، راضي جداً','2026-03-11'),
('rev-127-1','prod-127','خالد',4,'تجربة شراء مريحة والمنتج أصلي 100%','2026-04-11'),
('rev-127-2','prod-127','سارة',5,'يستاهل كل قرش، الجودة فاقت توقعاتي','2026-05-11'),
('rev-128-0','prod-128','خالد',4,'تجربة شراء مريحة والمنتج أصلي 100%','2026-04-12'),
('rev-128-1','prod-128','سارة',5,'يستاهل كل قرش، الجودة فاقت توقعاتي','2026-05-12'),
('rev-129-0','prod-129','سارة',5,'يستاهل كل قرش، الجودة فاقت توقعاتي','2026-05-13'),
('rev-129-1','prod-129','أحمد',4,'منتج ممتاز وجودة عالية، أنصح فيه بشدة','2026-01-13'),
('rev-129-2','prod-129','محمد',5,'وصل بسرعة والتغليف ممتاز، الأداء رهيب','2026-02-13');

-- ============================================================
-- DIGITAL PRODUCTS, CODE INVENTORY, NAVIGATION & CUSTOM PAGES
-- ============================================================

-- Subscriptions / digital accounts category
INSERT INTO categories (id, slug, name_ar, name_en, icon, image, product_count, description_ar) VALUES
('cat-26','subscriptions','اشتراكات وحسابات','Subscriptions','calendar','/catalog/gift-cards-2.jpg',4,'اشتراكات رقمية وحسابات ألعاب جاهزة بتسليم فوري');

-- Convert existing gift-card products into digital code products
UPDATE products SET product_type='digital', delivery_type='code', platform='PlayStation', region='US',
  digital_instructions_ar='ادخل إلى متجر PlayStation Store، اختر "استرداد الرموز" ثم أدخل الكود لإضافة الرصيد إلى محفظتك.'
  WHERE id='prod-122';
UPDATE products SET product_type='digital', delivery_type='code', platform='Xbox', region='US',
  digital_instructions_ar='ادخل إلى متجر Microsoft Store أو تطبيق Xbox، اختر "استرداد" ثم أدخل الكود.'
  WHERE id='prod-123';
UPDATE products SET product_type='digital', delivery_type='code', platform='Nintendo', region='US',
  digital_instructions_ar='افتح متجر Nintendo eShop على جهازك، اختر "Redeem Code" ثم أدخل الكود.'
  WHERE id='prod-124';
UPDATE products SET product_type='digital', delivery_type='code', platform='Steam', region='Global',
  digital_instructions_ar='افتح برنامج Steam، من قائمة "Games" اختر "Activate a Product on Steam" ثم أدخل الكود.'
  WHERE id='prod-125';
UPDATE products SET product_type='digital', delivery_type='code', platform='Steam', region='Global',
  digital_instructions_ar='افتح برنامج Steam، من قائمة "Games" اختر "Activate a Product on Steam" ثم أدخل الكود.'
  WHERE id='prod-126';

-- New subscription & account digital products
INSERT INTO products (id, name_ar, name_en, slug, sku, price, original_price, discount_percent, category_slug, brand_slug, image, image2, stock, rating, review_count, warranty, is_new, is_best_seller, is_exclusive, is_flash_deal, is_featured, description_ar, specs, variants, badges, product_type, platform, region, delivery_type, digital_instructions_ar, created_at) VALUES
('prod-134','اشتراك PlayStation Plus 12 شهر','PlayStation Plus 12 Months','playstation-plus-12m','SON-1130',349,399,13,'subscriptions','sony','/catalog/playstation-1.jpg','/catalog/gift-cards-1.jpg',0,4.9,210,'-',true,true,false,false,true,'اشتراك PlayStation Plus لمدة 12 شهر - ألعاب شهرية مجانية وخصومات حصرية واللعب الجماعي عبر الإنترنت','{"المدة":"12 شهر","النوع":"رقمي"}'::jsonb,NULL,'["الأكثر مبيعاً"]'::jsonb,'digital','PlayStation','US','code','ادخل إلى PlayStation Store، اختر "استرداد الرموز" ثم أدخل الكود لتفعيل الاشتراك.',NOW()),
('prod-135','اشتراك Xbox Game Pass Ultimate 3 شهور','Xbox Game Pass Ultimate 3 Months','xbox-game-pass-3m','MIC-1131',229,NULL,NULL,'subscriptions','microsoft','/catalog/xbox-1.jpg','/catalog/gift-cards-2.jpg',0,4.8,176,'-',true,true,false,true,true,'اشتراك Xbox Game Pass Ultimate لمدة 3 شهور - مئات الألعاب على الكونسول والكمبيوتر مع EA Play','{"المدة":"3 شهور","النوع":"رقمي"}'::jsonb,NULL,'["الأكثر مبيعاً"]'::jsonb,'digital','Xbox','US','code','ادخل إلى تطبيق Xbox أو Microsoft Store، اختر "استرداد" ثم أدخل الكود لتفعيل الاشتراك.',NOW()),
('prod-136','حساب PlayStation جاهز - منطقة أمريكا','PlayStation Account US Region','playstation-account-us','SON-1132',129,NULL,NULL,'subscriptions','sony','/catalog/playstation-1.jpg','/catalog/gift-cards-3.jpg',0,4.6,98,'-',false,false,true,false,false,'حساب PlayStation جاهز على المنطقة الأمريكية للوصول إلى العروض والمحتوى الحصري - يُسلّم اسم المستخدم وكلمة المرور','{"المنطقة":"أمريكا","النوع":"حساب"}'::jsonb,NULL,'["حصري"]'::jsonb,'digital','PlayStation','US','account','ستصلك بيانات الحساب (البريد وكلمة المرور). سجّل الدخول من إعدادات الجهاز وننصح بتغيير كلمة المرور بعد التفعيل.',NOW()),
('prod-137','اشتراك Apple Music 3 شهور','Apple Music 3 Months','apple-music-3m','APL-1133',89,NULL,NULL,'subscriptions','steam','/catalog/gift-cards-1.jpg','/catalog/gift-cards-2.jpg',0,4.5,64,'-',true,false,false,false,false,'اشتراك Apple Music لمدة 3 شهور - استمع لملايين الأغاني بدون إعلانات','{"المدة":"3 شهور","النوع":"رقمي"}'::jsonb,NULL,'["جديد"]'::jsonb,'digital','iTunes','US','code','افتح الرابط المرفق مع الكود أو أدخله في App Store > استرداد بطاقة هدية أو رمز.',NOW());

-- Digital code inventory (available pool per product). Stock is derived from available codes.
INSERT INTO digital_codes (id, product_id, secret, status) VALUES
('dc-122-1','prod-122','PSN-50-AAAA-1111-BBBB','available'),
('dc-122-2','prod-122','PSN-50-AAAA-2222-BBBB','available'),
('dc-122-3','prod-122','PSN-50-AAAA-3333-BBBB','available'),
('dc-122-4','prod-122','PSN-50-AAAA-4444-BBBB','available'),
('dc-123-1','prod-123','XBOX-50-CCCC-1111-DDDD','available'),
('dc-123-2','prod-123','XBOX-50-CCCC-2222-DDDD','available'),
('dc-123-3','prod-123','XBOX-50-CCCC-3333-DDDD','available'),
('dc-124-1','prod-124','NIN-50-EEEE-1111-FFFF','available'),
('dc-124-2','prod-124','NIN-50-EEEE-2222-FFFF','available'),
('dc-125-1','prod-125','STEAM-50-GGGG-1111-HHHH','available'),
('dc-125-2','prod-125','STEAM-50-GGGG-2222-HHHH','available'),
('dc-125-3','prod-125','STEAM-50-GGGG-3333-HHHH','available'),
('dc-126-1','prod-126','STEAM-20-IIII-1111-JJJJ','available'),
('dc-126-2','prod-126','STEAM-20-IIII-2222-JJJJ','available'),
('dc-134-1','prod-134','PSPLUS-12M-KKKK-1111','available'),
('dc-134-2','prod-134','PSPLUS-12M-KKKK-2222','available'),
('dc-134-3','prod-134','PSPLUS-12M-KKKK-3333','available'),
('dc-135-1','prod-135','GPU-3M-LLLL-1111','available'),
('dc-135-2','prod-135','GPU-3M-LLLL-2222','available'),
('dc-135-3','prod-135','GPU-3M-LLLL-3333','available'),
('dc-136-1','prod-136','PSACC-US-user01@nexus.example | Pass#A1b2C3','available'),
('dc-136-2','prod-136','PSACC-US-user02@nexus.example | Pass#D4e5F6','available'),
('dc-137-1','prod-137','APLMUS-3M-MMMM-1111','available'),
('dc-137-2','prod-137','APLMUS-3M-MMMM-2222','available');

-- Sync digital product stock with available code counts
UPDATE products p SET stock = (
  SELECT COUNT(*) FROM digital_codes d WHERE d.product_id = p.id AND d.status = 'available'
) WHERE p.product_type = 'digital';

-- Header navigation
INSERT INTO nav_items (id, label, href, location, sort_order, is_visible, opens_new_tab) VALUES
('nav-h-1','الرئيسية','/','header',0,true,false),
('nav-h-2','التصنيفات','/categories','header',1,true,false),
('nav-h-3','العروض','/deals','header',2,true,false),
('nav-h-4','بطاقات الهدايا','/gift-cards','header',3,true,false),
('nav-h-5','الاشتراكات','/subscriptions','header',4,true,false),
('nav-h-6','الماركات','/brands','header',5,true,false),
('nav-h-7','تواصل معنا','/contact','header',6,true,false);

-- Footer navigation
INSERT INTO nav_items (id, label, href, location, sort_order, is_visible, opens_new_tab) VALUES
('nav-f-1','من نحن','/p/about','footer',0,true,false),
('nav-f-2','تواصل معنا','/contact','footer',1,true,false),
('nav-f-3','الأسئلة الشائعة','/faq','footer',2,true,false),
('nav-f-4','سياسة الخصوصية','/p/privacy','footer',3,true,false),
('nav-f-5','الشروط والأحكام','/p/terms','footer',4,true,false),
('nav-f-6','تتبع الطلب','/track-order','footer',5,true,false);

-- Sample custom pages
INSERT INTO custom_pages (id, slug, title_ar, content_html, is_published, meta_title, meta_description) VALUES
('page-about','about','من نحن','<h2>من نحن</h2><p>Nexus Store هو وجهتك الأولى لعتاد الجيمنج والإلكترونيات والمنتجات الرقمية. نوفّر بطاقات الهدايا والاشتراكات والحسابات الرقمية بتسليم فوري وآمن، إلى جانب تشكيلة واسعة من المنتجات الأصلية.</p>',true,'من نحن - Nexus Store','تعرّف على Nexus Store، متجرك للجيمنج والإلكترونيات والمنتجات الرقمية.'),
('page-privacy','privacy','سياسة الخصوصية','<h2>سياسة الخصوصية</h2><p>نحرص في Nexus Store على حماية بياناتك. لا نشارك معلوماتك مع أي طرف ثالث، ونستخدمها فقط لإتمام طلباتك وتحسين تجربتك.</p>',true,'سياسة الخصوصية - Nexus Store','سياسة الخصوصية الخاصة بمتجر Nexus Store.'),
('page-terms','terms','الشروط والأحكام','<h2>الشروط والأحكام</h2><p>باستخدامك لمتجر Nexus Store فإنك توافق على شروط الاستخدام. المنتجات الرقمية غير قابلة للاسترجاع بعد كشف الكود أو بيانات الحساب.</p>',true,'الشروط والأحكام - Nexus Store','الشروط والأحكام الخاصة بمتجر Nexus Store.');

COMMIT;
